Date ,Day,Time,Pred,High/Low
2017-05-31,Wed,1:06,2.39,High
2017-05-31,Wed,7:28,0.01,Low
2017-05-31,Wed,13:30,2.2,High
2017-05-31,Wed,19:52,-0.04,Low
2017-06-01,Thu,2:02,2.26,High
2017-06-01,Thu,8:30,0.05,Low
2017-06-01,Thu,14:32,2.12,High
2017-06-01,Thu,20:55,0.1,Low
2017-06-02,Fri,3:00,2.16,High
2017-06-02,Fri,9:29,0.06,Low
2017-06-02,Fri,15:35,2.07,High
2017-06-02,Fri,21:55,0.19,Low
2017-06-03,Sat,3:56,2.08,High
2017-06-03,Sat,10:25,0.03,Low
2017-06-03,Sat,16:35,2.07,High
2017-06-03,Sat,22:51,0.24,Low
2017-06-04,Sun,4:50,2.04,High
2017-06-04,Sun,11:15,-0.01,Low
2017-06-04,Sun,17:30,2.1,High
2017-06-04,Sun,23:42,0.25,Low
2017-06-05,Mon,5:40,2.03,High
2017-06-05,Mon,12:02,-0.05,Low
2017-06-05,Mon,18:19,2.14,High
2017-06-06,Tue,0:28,0.25,Low
2017-06-06,Tue,6:25,2.03,High
2017-06-06,Tue,12:45,-0.09,Low
2017-06-06,Tue,19:03,2.18,High
2017-06-07,Wed,1:11,0.23,Low
2017-06-07,Wed,7:07,2.05,High
2017-06-07,Wed,13:25,-0.12,Low
2017-06-07,Wed,19:43,2.22,High
2017-06-08,Thu,1:52,0.21,Low
2017-06-08,Thu,7:47,2.06,High
2017-06-08,Thu,14:04,-0.14,Low
2017-06-08,Thu,20:23,2.24,High
2017-06-09,Fri,2:31,0.2,Low
2017-06-09,Fri,8:26,2.06,High
2017-06-09,Fri,14:42,-0.14,Low
2017-06-09,Fri,21:01,2.25,High
2017-06-10,Sat,3:09,0.21,Low
2017-06-10,Sat,9:05,2.06,High
2017-06-10,Sat,15:18,-0.12,Low
2017-06-10,Sat,21:39,2.24,High
2017-06-11,Sun,3:46,0.22,Low
2017-06-11,Sun,9:44,2.03,High
2017-06-11,Sun,15:54,-0.09,Low
2017-06-11,Sun,22:18,2.22,High
2017-06-12,Mon,4:23,0.24,Low
2017-06-12,Mon,10:24,2,High
2017-06-12,Mon,16:31,-0.04,Low
2017-06-12,Mon,22:57,2.18,High
2017-06-13,Tue,5:01,0.26,Low
2017-06-13,Tue,11:05,1.96,High
2017-06-13,Tue,17:10,0.02,Low
2017-06-13,Tue,23:38,2.13,High
2017-06-14,Wed,5:42,0.27,Low
2017-06-14,Wed,11:49,1.93,High
2017-06-14,Wed,17:53,0.08,Low
2017-06-15,Thu,0:20,2.08,High
2017-06-15,Thu,6:27,0.25,Low
2017-06-15,Thu,12:36,1.91,High
2017-06-15,Thu,18:42,0.14,Low
2017-06-16,Fri,1:04,2.05,High
2017-06-16,Fri,7:18,0.21,Low
2017-06-16,Fri,13:29,1.92,High
2017-06-16,Fri,19:38,0.19,Low
2017-06-17,Sat,1:53,2.03,High
2017-06-17,Sat,8:15,0.12,Low
2017-06-17,Sat,14:28,1.96,High
2017-06-17,Sat,20:39,0.21,Low
2017-06-18,Sun,2:47,2.03,High
2017-06-18,Sun,9:14,-0.01,Low
2017-06-18,Sun,15:31,2.05,High
2017-06-18,Sun,21:43,0.18,Low
2017-06-19,Mon,3:45,2.07,High
2017-06-19,Mon,10:13,-0.17,Low
2017-06-19,Mon,16:34,2.17,High
2017-06-19,Mon,22:44,0.12,Low
2017-06-20,Tue,4:46,2.14,High
2017-06-20,Tue,11:11,-0.34,Low
2017-06-20,Tue,17:36,2.32,High
2017-06-20,Tue,23:43,0.02,Low
2017-06-21,Wed,5:46,2.24,High
2017-06-21,Wed,12:07,-0.52,Low
2017-06-21,Wed,18:35,2.47,High
2017-06-22,Thu,0:40,-0.09,Low
2017-06-22,Thu,6:44,2.34,High
2017-06-22,Thu,13:02,-0.65,Low
2017-06-22,Thu,19:31,2.6,High
2017-06-23,Fri,1:34,-0.19,Low
2017-06-23,Fri,7:41,2.44,High
2017-06-23,Fri,13:56,-0.73,Low
2017-06-23,Fri,20:25,2.68,High
2017-06-24,Sat,2:28,-0.26,Low
2017-06-24,Sat,8:35,2.51,High
2017-06-24,Sat,14:49,-0.75,Low
2017-06-24,Sat,21:17,2.72,High
2017-06-25,Sun,3:21,-0.29,Low
2017-06-25,Sun,9:29,2.52,High
2017-06-25,Sun,15:43,-0.69,Low
2017-06-25,Sun,22:08,2.69,High
2017-06-26,Mon,4:15,-0.28,Low
2017-06-26,Mon,10:22,2.49,High
2017-06-26,Mon,16:36,-0.57,Low
2017-06-26,Mon,22:58,2.62,High
2017-06-27,Tue,5:10,-0.24,Low
2017-06-27,Tue,11:16,2.42,High
2017-06-27,Tue,17:31,-0.4,Low
2017-06-27,Tue,23:48,2.5,High
2017-06-28,Wed,6:05,-0.17,Low
2017-06-28,Wed,12:10,2.31,High
2017-06-28,Wed,18:27,-0.21,Low
2017-06-29,Thu,0:38,2.36,High
2017-06-29,Thu,7:02,-0.1,Low
2017-06-29,Thu,13:05,2.19,High
2017-06-29,Thu,19:24,-0.02,Low
2017-06-30,Fri,1:29,2.22,High
2017-06-30,Fri,7:59,-0.03,Low
2017-06-30,Fri,14:01,2.08,High
2017-06-30,Fri,20:23,0.15,Low
2017-07-01,Sat,2:21,2.09,High
2017-07-01,Sat,8:55,0.02,Low
2017-07-01,Sat,14:59,2.01,High
2017-07-01,Sat,21:20,0.27,Low
2017-07-02,Sun,3:14,1.99,High
2017-07-02,Sun,9:49,0.04,Low
2017-07-02,Sun,15:57,1.97,High
2017-07-02,Sun,22:16,0.34,Low
2017-07-03,Mon,4:06,1.92,High
2017-07-03,Mon,10:40,0.04,Low
2017-07-03,Mon,16:53,1.97,High
2017-07-03,Mon,23:08,0.37,Low
2017-07-04,Tue,4:58,1.9,High
2017-07-04,Tue,11:28,0.02,Low
2017-07-04,Tue,17:44,2,High
2017-07-04,Tue,23:56,0.36,Low
2017-07-05,Wed,5:47,1.91,High
2017-07-05,Wed,12:14,-0.01,Low
2017-07-05,Wed,18:31,2.06,High
2017-07-06,Thu,0:41,0.33,Low
2017-07-06,Thu,6:33,1.95,High
2017-07-06,Thu,12:56,-0.05,Low
2017-07-06,Thu,19:14,2.12,High
2017-07-07,Fri,1:24,0.29,Low
2017-07-07,Fri,7:17,1.99,High
2017-07-07,Fri,13:37,-0.09,Low
2017-07-07,Fri,19:56,2.18,High
2017-07-08,Sat,2:04,0.25,Low
2017-07-08,Sat,8:00,2.03,High
2017-07-08,Sat,14:16,-0.12,Low
2017-07-08,Sat,20:36,2.23,High
2017-07-09,Sun,2:43,0.22,Low
2017-07-09,Sun,8:41,2.06,High
2017-07-09,Sun,14:53,-0.13,Low
2017-07-09,Sun,21:16,2.26,High
2017-07-10,Mon,3:21,0.19,Low
2017-07-10,Mon,9:22,2.08,High
2017-07-10,Mon,15:30,-0.12,Low
2017-07-10,Mon,21:55,2.27,High
2017-07-11,Tue,3:58,0.17,Low
2017-07-11,Tue,10:03,2.08,High
2017-07-11,Tue,16:08,-0.09,Low
2017-07-11,Tue,22:34,2.25,High
2017-07-12,Wed,4:36,0.15,Low
2017-07-12,Wed,10:45,2.08,High
2017-07-12,Wed,16:47,-0.04,Low
2017-07-12,Wed,23:13,2.23,High
2017-07-13,Thu,5:17,0.12,Low
2017-07-13,Thu,11:29,2.07,High
2017-07-13,Thu,17:30,0.02,Low
2017-07-13,Thu,23:54,2.19,High
2017-07-14,Fri,6:01,0.09,Low
2017-07-14,Fri,12:16,2.07,High
2017-07-14,Fri,18:18,0.09,Low
2017-07-15,Sat,0:37,2.15,High
2017-07-15,Sat,6:51,0.04,Low
2017-07-15,Sat,13:08,2.07,High
2017-07-15,Sat,19:13,0.17,Low
2017-07-16,Sun,1:24,2.12,High
2017-07-16,Sun,7:46,-0.01,Low
2017-07-16,Sun,14:05,2.09,High
2017-07-16,Sun,20:13,0.23,Low
2017-07-17,Mon,2:18,2.1,High
2017-07-17,Mon,8:46,-0.09,Low
2017-07-17,Mon,15:07,2.14,High
2017-07-17,Mon,21:17,0.24,Low
2017-07-18,Tue,3:18,2.11,High
2017-07-18,Tue,9:48,-0.19,Low
2017-07-18,Tue,16:13,2.22,High
2017-07-18,Tue,22:22,0.21,Low
2017-07-19,Wed,4:22,2.16,High
2017-07-19,Wed,10:50,-0.3,Low
2017-07-19,Wed,17:17,2.33,High
2017-07-19,Wed,23:23,0.13,Low
2017-07-20,Thu,5:26,2.25,High
2017-07-20,Thu,11:49,-0.43,Low
2017-07-20,Thu,18:18,2.46,High
2017-07-21,Fri,0:22,0.02,Low
2017-07-21,Fri,6:28,2.37,High
2017-07-21,Fri,12:46,-0.53,Low
2017-07-21,Fri,19:15,2.58,High
2017-07-22,Sat,1:18,-0.09,Low
2017-07-22,Sat,7:26,2.48,High
2017-07-22,Sat,13:41,-0.59,Low
2017-07-22,Sat,20:08,2.67,High
2017-07-23,Sun,2:11,-0.18,Low
2017-07-23,Sun,8:20,2.56,High
2017-07-23,Sun,14:34,-0.6,Low
2017-07-23,Sun,20:58,2.72,High
2017-07-24,Mon,3:04,-0.23,Low
2017-07-24,Mon,9:13,2.59,High
2017-07-24,Mon,15:26,-0.54,Low
2017-07-24,Mon,21:47,2.71,High
2017-07-25,Tue,3:55,-0.24,Low
2017-07-25,Tue,10:04,2.57,High
2017-07-25,Tue,16:17,-0.42,Low
2017-07-25,Tue,22:34,2.65,High
2017-07-26,Wed,4:46,-0.21,Low
2017-07-26,Wed,10:54,2.5,High
2017-07-26,Wed,17:07,-0.25,Low
2017-07-26,Wed,23:20,2.54,High
2017-07-27,Thu,5:37,-0.14,Low
2017-07-27,Thu,11:44,2.4,High
2017-07-27,Thu,17:59,-0.06,Low
2017-07-28,Fri,0:06,2.4,High
2017-07-28,Fri,6:28,-0.04,Low
2017-07-28,Fri,12:33,2.27,High
2017-07-28,Fri,18:51,0.14,Low
2017-07-29,Sat,0:51,2.25,High
2017-07-29,Sat,7:21,0.06,Low
2017-07-29,Sat,13:25,2.15,High
2017-07-29,Sat,19:45,0.32,Low
2017-07-30,Sun,1:38,2.12,High
2017-07-30,Sun,8:14,0.16,Low
2017-07-30,Sun,14:18,2.05,High
2017-07-30,Sun,20:40,0.47,Low
2017-07-31,Mon,2:28,2.01,High
2017-07-31,Mon,9:08,0.22,Low
2017-07-31,Mon,15:13,1.99,High
2017-07-31,Mon,21:36,0.55,Low
2017-08-01,Tue,3:20,1.94,High
2017-08-01,Tue,10:02,0.26,Low
2017-08-01,Tue,16:10,1.98,High
2017-08-01,Tue,22:31,0.59,Low
2017-08-02,Wed,4:15,1.92,High
2017-08-02,Wed,10:53,0.25,Low
2017-08-02,Wed,17:05,2.01,High
2017-08-02,Wed,23:22,0.57,Low
2017-08-03,Thu,5:09,1.95,High
2017-08-03,Thu,11:41,0.21,Low
2017-08-03,Thu,17:56,2.08,High
2017-08-04,Fri,0:10,0.53,Low
2017-08-04,Fri,6:00,2.01,High
2017-08-04,Fri,12:26,0.16,Low
2017-08-04,Fri,18:43,2.17,High
2017-08-05,Sat,0:54,0.46,Low
2017-08-05,Sat,6:48,2.09,High
2017-08-05,Sat,13:09,0.09,Low
2017-08-05,Sat,19:27,2.27,High
2017-08-06,Sun,1:35,0.38,Low
2017-08-06,Sun,7:33,2.17,High
2017-08-06,Sun,13:49,0.04,Low
2017-08-06,Sun,20:08,2.35,High
2017-08-07,Mon,2:15,0.3,Low
2017-08-07,Mon,8:17,2.25,High
2017-08-07,Mon,14:28,0,Low
2017-08-07,Mon,20:48,2.42,High
2017-08-08,Tue,2:53,0.23,Low
2017-08-08,Tue,8:59,2.31,High
2017-08-08,Tue,15:06,-0.02,Low
2017-08-08,Tue,21:28,2.46,High
2017-08-09,Wed,3:31,0.17,Low
2017-08-09,Wed,9:41,2.35,High
2017-08-09,Wed,15:45,0,Low
2017-08-09,Wed,22:07,2.47,High
2017-08-10,Thu,4:09,0.11,Low
2017-08-10,Thu,10:24,2.38,High
2017-08-10,Thu,16:26,0.04,Low
2017-08-10,Thu,22:47,2.45,High
2017-08-11,Fri,4:51,0.07,Low
2017-08-11,Fri,11:09,2.39,High
2017-08-11,Fri,17:10,0.11,Low
2017-08-11,Fri,23:28,2.41,High
2017-08-12,Sat,5:36,0.05,Low
2017-08-12,Sat,11:56,2.38,High
2017-08-12,Sat,17:58,0.21,Low
2017-08-13,Sun,0:12,2.36,High
2017-08-13,Sun,6:26,0.04,Low
2017-08-13,Sun,12:48,2.36,High
2017-08-13,Sun,18:52,0.31,Low
2017-08-14,Mon,1:01,2.31,High
2017-08-14,Mon,7:22,0.05,Low
2017-08-14,Mon,13:46,2.34,High
2017-08-14,Mon,19:53,0.4,Low
2017-08-15,Tue,1:57,2.28,High
2017-08-15,Tue,8:25,0.04,Low
2017-08-15,Tue,14:50,2.34,High
2017-08-15,Tue,20:59,0.45,Low
2017-08-16,Wed,3:00,2.27,High
2017-08-16,Wed,9:30,0.01,Low
2017-08-16,Wed,15:56,2.38,High
2017-08-16,Wed,22:06,0.43,Low
2017-08-17,Thu,4:08,2.32,High
2017-08-17,Thu,10:35,-0.05,Low
2017-08-17,Thu,17:02,2.47,High
2017-08-17,Thu,23:09,0.35,Low
2017-08-18,Fri,5:14,2.41,High
2017-08-18,Fri,11:36,-0.14,Low
2017-08-18,Fri,18:03,2.58,High
2017-08-19,Sat,0:08,0.23,Low
2017-08-19,Sat,6:16,2.54,High
2017-08-19,Sat,12:33,-0.21,Low
2017-08-19,Sat,18:59,2.7,High
2017-08-20,Sun,1:03,0.11,Low
2017-08-20,Sun,7:13,2.65,High
2017-08-20,Sun,13:27,-0.26,Low
2017-08-20,Sun,19:50,2.79,High
2017-08-21,Mon,1:55,0,Low
2017-08-21,Mon,8:06,2.74,High
2017-08-21,Mon,14:18,-0.26,Low
2017-08-21,Mon,20:38,2.83,High
2017-08-22,Tue,2:44,-0.06,Low
2017-08-22,Tue,8:56,2.78,High
2017-08-22,Tue,15:07,-0.2,Low
2017-08-22,Tue,21:23,2.82,High
2017-08-23,Wed,3:32,-0.07,Low
2017-08-23,Wed,9:43,2.77,High
2017-08-23,Wed,15:54,-0.09,Low
2017-08-23,Wed,22:06,2.76,High
2017-08-24,Thu,4:18,-0.03,Low
2017-08-24,Thu,10:29,2.7,High
2017-08-24,Thu,16:40,0.07,Low
2017-08-24,Thu,22:48,2.65,High
2017-08-25,Fri,5:04,0.06,Low
2017-08-25,Fri,11:14,2.6,High
2017-08-25,Fri,17:27,0.25,Low
2017-08-25,Fri,23:29,2.52,High
2017-08-26,Sat,5:50,0.18,Low
2017-08-26,Sat,11:58,2.47,High
2017-08-26,Sat,18:14,0.44,Low
2017-08-27,Sun,0:11,2.39,High
2017-08-27,Sun,6:38,0.31,Low
2017-08-27,Sun,12:45,2.35,High
2017-08-27,Sun,19:03,0.62,Low
2017-08-28,Mon,0:55,2.26,High
2017-08-28,Mon,7:28,0.44,Low
2017-08-28,Mon,13:33,2.23,High
2017-08-28,Mon,19:56,0.76,Low
2017-08-29,Tue,1:42,2.15,High
2017-08-29,Tue,8:22,0.54,Low
2017-08-29,Tue,14:27,2.15,High
2017-08-29,Tue,20:53,0.85,Low
2017-08-30,Wed,2:34,2.09,High
2017-08-30,Wed,9:19,0.59,Low
2017-08-30,Wed,15:24,2.13,High
2017-08-30,Wed,21:51,0.89,Low
2017-08-31,Thu,3:32,2.08,High
2017-08-31,Thu,10:15,0.59,Low
2017-08-31,Thu,16:22,2.16,High
2017-08-31,Thu,22:46,0.86,Low
2017-09-01,Fri,4:31,2.11,High
2017-09-01,Fri,11:07,0.55,Low
2017-09-01,Fri,17:18,2.24,High
2017-09-01,Fri,23:36,0.78,Low
2017-09-02,Sat,5:27,2.2,High
2017-09-02,Sat,11:54,0.47,Low
2017-09-02,Sat,18:08,2.35,High
2017-09-03,Sun,0:22,0.68,Low
2017-09-03,Sun,6:18,2.32,High
2017-09-03,Sun,12:38,0.38,Low
2017-09-03,Sun,18:53,2.47,High
2017-09-04,Mon,1:04,0.55,Low
2017-09-04,Mon,7:06,2.44,High
2017-09-04,Mon,13:20,0.29,Low
2017-09-04,Mon,19:36,2.58,High
2017-09-05,Tue,1:43,0.42,Low
2017-09-05,Tue,7:51,2.57,High
2017-09-05,Tue,14:00,0.22,Low
2017-09-05,Tue,20:17,2.67,High
2017-09-06,Wed,2:22,0.3,Low
2017-09-06,Wed,8:34,2.67,High
2017-09-06,Wed,14:41,0.18,Low
2017-09-06,Wed,20:58,2.73,High
2017-09-07,Thu,3:02,0.2,Low
2017-09-07,Thu,9:18,2.75,High
2017-09-07,Thu,15:22,0.18,Low
2017-09-07,Thu,21:38,2.75,High
2017-09-08,Fri,3:42,0.13,Low
2017-09-08,Fri,10:03,2.79,High
2017-09-08,Fri,16:04,0.22,Low
2017-09-08,Fri,22:20,2.74,High
2017-09-09,Sat,4:26,0.09,Low
2017-09-09,Sat,10:49,2.79,High
2017-09-09,Sat,16:50,0.3,Low
2017-09-09,Sat,23:03,2.69,High
2017-09-10,Sun,5:13,0.1,Low
2017-09-10,Sun,11:38,2.75,High
2017-09-10,Sun,17:40,0.41,Low
2017-09-10,Sun,23:51,2.63,High
2017-09-11,Mon,6:05,0.15,Low
2017-09-11,Mon,12:31,2.69,High
2017-09-11,Mon,18:36,0.53,Low
2017-09-12,Tue,0:43,2.56,High
2017-09-12,Tue,7:03,0.22,Low
2017-09-12,Tue,13:31,2.63,High
2017-09-12,Tue,19:38,0.64,Low
2017-09-13,Wed,1:43,2.51,High
2017-09-13,Wed,8:09,0.28,Low
2017-09-13,Wed,14:35,2.59,High
2017-09-13,Wed,20:47,0.68,Low
2017-09-14,Thu,2:50,2.49,High
2017-09-14,Thu,9:17,0.3,Low
2017-09-14,Thu,15:42,2.6,High
2017-09-14,Thu,21:55,0.66,Low
2017-09-15,Fri,3:59,2.53,High
2017-09-15,Fri,10:24,0.28,Low
2017-09-15,Fri,16:48,2.66,High
2017-09-15,Fri,22:58,0.56,Low
2017-09-16,Sat,5:06,2.63,High
2017-09-16,Sat,11:25,0.22,Low
2017-09-16,Sat,17:47,2.75,High
2017-09-16,Sat,23:56,0.43,Low
2017-09-17,Sun,6:06,2.75,High
2017-09-17,Sun,12:21,0.17,Low
2017-09-17,Sun,18:41,2.85,High
2017-09-18,Mon,0:49,0.3,Low
2017-09-18,Mon,7:01,2.86,High
2017-09-18,Mon,13:13,0.13,Low
2017-09-18,Mon,19:29,2.91,High
2017-09-19,Tue,1:37,0.2,Low
2017-09-19,Tue,7:50,2.94,High
2017-09-19,Tue,14:01,0.13,Low
2017-09-19,Tue,20:14,2.94,High
2017-09-20,Wed,2:23,0.14,Low
2017-09-20,Wed,8:36,2.97,High
2017-09-20,Wed,14:46,0.18,Low
2017-09-20,Wed,20:56,2.92,High
2017-09-21,Thu,3:06,0.14,Low
2017-09-21,Thu,9:20,2.95,High
2017-09-21,Thu,15:29,0.28,Low
2017-09-21,Thu,21:36,2.85,High
2017-09-22,Fri,3:48,0.18,Low
2017-09-22,Fri,10:01,2.89,High
2017-09-22,Fri,16:12,0.4,Low
2017-09-22,Fri,22:15,2.76,High
2017-09-23,Sat,4:30,0.28,Low
2017-09-23,Sat,10:42,2.79,High
2017-09-23,Sat,16:54,0.55,Low
2017-09-23,Sat,22:53,2.64,High
2017-09-24,Sun,5:11,0.41,Low
2017-09-24,Sun,11:23,2.67,High
2017-09-24,Sun,17:36,0.71,Low
2017-09-24,Sun,23:32,2.52,High
2017-09-25,Mon,5:54,0.55,Low
2017-09-25,Mon,12:06,2.54,High
2017-09-25,Mon,18:21,0.87,Low
2017-09-26,Tue,0:14,2.4,High
2017-09-26,Tue,6:41,0.69,Low
2017-09-26,Tue,12:51,2.43,High
2017-09-26,Tue,19:11,1,Low
2017-09-27,Wed,1:00,2.31,High
2017-09-27,Wed,7:33,0.8,Low
2017-09-27,Wed,13:42,2.34,High
2017-09-27,Wed,20:07,1.09,Low
2017-09-28,Thu,1:52,2.24,High
2017-09-28,Thu,8:31,0.87,Low
2017-09-28,Thu,14:39,2.3,High
2017-09-28,Thu,21:08,1.11,Low
2017-09-29,Fri,2:52,2.22,High
2017-09-29,Fri,9:31,0.88,Low
2017-09-29,Fri,15:38,2.32,High
2017-09-29,Fri,22:06,1.06,Low
2017-09-30,Sat,3:54,2.27,High
2017-09-30,Sat,10:27,0.83,Low
2017-09-30,Sat,16:35,2.4,High
2017-09-30,Sat,22:59,0.95,Low
2017-10-01,Sun,4:53,2.37,High
2017-10-01,Sun,11:18,0.73,Low
2017-10-01,Sun,17:28,2.5,High
2017-10-01,Sun,23:46,0.8,Low
2017-10-02,Mon,5:47,2.51,High
2017-10-02,Mon,12:05,0.62,Low
2017-10-02,Mon,18:16,2.63,High
2017-10-03,Tue,0:29,0.63,Low
2017-10-03,Tue,6:36,2.67,High
2017-10-03,Tue,12:49,0.5,Low
2017-10-03,Tue,19:01,2.75,High
2017-10-04,Wed,1:10,0.45,Low
2017-10-04,Wed,7:23,2.83,High
2017-10-04,Wed,13:32,0.4,Low
2017-10-04,Wed,19:44,2.85,High
2017-10-05,Thu,1:51,0.28,Low
2017-10-05,Thu,8:09,2.97,High
2017-10-05,Thu,14:15,0.33,Low
2017-10-05,Thu,20:26,2.92,High
2017-10-06,Fri,2:33,0.14,Low
2017-10-06,Fri,8:55,3.06,High
2017-10-06,Fri,14:59,0.31,Low
2017-10-06,Fri,21:10,2.95,High
2017-10-07,Sat,3:17,0.06,Low
2017-10-07,Sat,9:41,3.1,High
2017-10-07,Sat,15:44,0.33,Low
2017-10-07,Sat,21:54,2.94,High
2017-10-08,Sun,4:03,0.04,Low
2017-10-08,Sun,10:30,3.08,High
2017-10-08,Sun,16:32,0.41,Low
2017-10-08,Sun,22:42,2.89,High
2017-10-09,Mon,4:53,0.09,Low
2017-10-09,Mon,11:21,3.02,High
2017-10-09,Mon,17:24,0.51,Low
2017-10-09,Mon,23:33,2.81,High
2017-10-10,Tue,5:47,0.19,Low
2017-10-10,Tue,12:16,2.92,High
2017-10-10,Tue,18:22,0.63,Low
2017-10-11,Wed,0:29,2.73,High
2017-10-11,Wed,6:48,0.32,Low
2017-10-11,Wed,13:16,2.82,High
2017-10-11,Wed,19:27,0.72,Low
2017-10-12,Thu,1:32,2.65,High
2017-10-12,Thu,7:55,0.43,Low
2017-10-12,Thu,14:20,2.75,High
2017-10-12,Thu,20:36,0.76,Low
2017-10-13,Fri,2:40,2.62,High
2017-10-13,Fri,9:05,0.49,Low
2017-10-13,Fri,15:26,2.72,High
2017-10-13,Fri,21:44,0.71,Low
2017-10-14,Sat,3:49,2.65,High
2017-10-14,Sat,10:12,0.49,Low
2017-10-14,Sat,16:29,2.75,High
2017-10-14,Sat,22:46,0.61,Low
2017-10-15,Sun,4:55,2.73,High
2017-10-15,Sun,11:12,0.47,Low
2017-10-15,Sun,17:27,2.8,High
2017-10-15,Sun,23:41,0.48,Low
2017-10-16,Mon,5:54,2.83,High
2017-10-16,Mon,12:07,0.43,Low
2017-10-16,Mon,18:19,2.86,High
2017-10-17,Tue,0:31,0.36,Low
2017-10-17,Tue,6:46,2.92,High
2017-10-17,Tue,12:56,0.4,Low
2017-10-17,Tue,19:05,2.89,High
2017-10-18,Wed,1:17,0.28,Low
2017-10-18,Wed,7:32,2.97,High
2017-10-18,Wed,13:41,0.4,Low
2017-10-18,Wed,19:48,2.89,High
2017-10-19,Thu,1:59,0.23,Low
2017-10-19,Thu,8:15,2.99,High
2017-10-19,Thu,14:23,0.43,Low
2017-10-19,Thu,20:28,2.86,High
2017-10-20,Fri,2:40,0.23,Low
2017-10-20,Fri,8:56,2.97,High
2017-10-20,Fri,15:04,0.49,Low
2017-10-20,Fri,21:05,2.8,High
2017-10-21,Sat,3:19,0.27,Low
2017-10-21,Sat,9:34,2.9,High
2017-10-21,Sat,15:44,0.58,Low
2017-10-21,Sat,21:42,2.72,High
2017-10-22,Sun,3:57,0.35,Low
2017-10-22,Sun,10:12,2.82,High
2017-10-22,Sun,16:23,0.68,Low
2017-10-22,Sun,22:19,2.62,High
2017-10-23,Mon,4:35,0.47,Low
2017-10-23,Mon,10:51,2.71,High
2017-10-23,Mon,17:02,0.8,Low
2017-10-23,Mon,22:57,2.52,High
2017-10-24,Tue,5:15,0.59,Low
2017-10-24,Tue,11:32,2.6,High
2017-10-24,Tue,17:43,0.92,Low
2017-10-24,Tue,23:38,2.41,High
2017-10-25,Wed,5:57,0.71,Low
2017-10-25,Wed,12:15,2.49,High
2017-10-25,Wed,18:29,1.02,Low
2017-10-26,Thu,0:23,2.32,High
2017-10-26,Thu,6:44,0.82,Low
2017-10-26,Thu,13:03,2.41,High
2017-10-26,Thu,19:22,1.08,Low
2017-10-27,Fri,1:15,2.25,High
2017-10-27,Fri,7:39,0.9,Low
2017-10-27,Fri,13:56,2.36,High
2017-10-27,Fri,20:21,1.09,Low
2017-10-28,Sat,2:13,2.23,High
2017-10-28,Sat,8:40,0.92,Low
2017-10-28,Sat,14:53,2.35,High
2017-10-28,Sat,21:21,1.02,Low
2017-10-29,Sun,3:15,2.27,High
2017-10-29,Sun,9:41,0.88,Low
2017-10-29,Sun,15:50,2.4,High
2017-10-29,Sun,22:16,0.89,Low
2017-10-30,Mon,4:16,2.37,High
2017-10-30,Mon,10:37,0.79,Low
2017-10-30,Mon,16:44,2.49,High
2017-10-30,Mon,23:06,0.7,Low
2017-10-31,Tue,5:13,2.53,High
2017-10-31,Tue,11:28,0.66,Low
2017-10-31,Tue,17:35,2.6,High
2017-10-31,Tue,23:52,0.49,Low
2017-11-01,Wed,6:06,2.71,High
2017-11-01,Wed,12:17,0.53,Low
2017-11-01,Wed,18:23,2.71,High
2017-11-02,Thu,0:37,0.27,Low
2017-11-02,Thu,6:56,2.88,High
2017-11-02,Thu,13:03,0.4,Low
2017-11-02,Thu,19:10,2.82,High
2017-11-03,Fri,1:22,0.07,Low
2017-11-03,Fri,7:45,3.03,High
2017-11-03,Fri,13:50,0.3,Low
2017-11-03,Fri,19:57,2.9,High
2017-11-04,Sat,2:08,-0.08,Low
2017-11-04,Sat,8:33,3.12,High
2017-11-04,Sat,14:37,0.25,Low
2017-11-04,Sat,20:44,2.94,High
2017-11-05,Sun,1:55,-0.16,Low
2017-11-05,Sun,8:22,3.16,High
2017-11-05,Sun,14:25,0.25,Low
2017-11-05,Sun,20:33,2.94,High
2017-11-06,Mon,2:44,-0.16,Low
2017-11-06,Mon,9:13,3.13,High
2017-11-06,Mon,15:16,0.3,Low
2017-11-06,Mon,21:24,2.89,High
2017-11-07,Tue,3:36,-0.09,Low
2017-11-07,Tue,10:05,3.05,High
2017-11-07,Tue,16:10,0.38,Low
2017-11-07,Tue,22:18,2.81,High
2017-11-08,Wed,4:32,0.04,Low
2017-11-08,Wed,11:00,2.94,High
2017-11-08,Wed,17:09,0.47,Low
2017-11-08,Wed,23:16,2.71,High
2017-11-09,Thu,5:34,0.2,Low
2017-11-09,Thu,11:58,2.81,High
2017-11-09,Thu,18:13,0.54,Low
2017-11-10,Fri,0:19,2.62,High
2017-11-10,Fri,6:40,0.34,Low
2017-11-10,Fri,13:00,2.71,High
2017-11-10,Fri,19:21,0.56,Low
2017-11-11,Sat,1:26,2.56,High
2017-11-11,Sat,7:49,0.44,Low
2017-11-11,Sat,14:03,2.64,High
2017-11-11,Sat,20:27,0.52,Low
2017-11-12,Sun,2:33,2.56,High
2017-11-12,Sun,8:54,0.49,Low
2017-11-12,Sun,15:04,2.61,High
2017-11-12,Sun,21:27,0.44,Low
2017-11-13,Mon,3:38,2.6,High
2017-11-13,Mon,9:54,0.49,Low
2017-11-13,Mon,16:01,2.61,High
2017-11-13,Mon,22:21,0.34,Low
2017-11-14,Tue,4:35,2.66,High
2017-11-14,Tue,10:47,0.48,Low
2017-11-14,Tue,16:52,2.62,High
2017-11-14,Tue,23:10,0.25,Low
2017-11-15,Wed,5:26,2.71,High
2017-11-15,Wed,11:35,0.46,Low
2017-11-15,Wed,17:38,2.62,High
2017-11-15,Wed,23:54,0.18,Low
2017-11-16,Thu,6:12,2.75,High
2017-11-16,Thu,12:19,0.45,Low
2017-11-16,Thu,18:20,2.61,High
2017-11-17,Fri,0:35,0.14,Low
2017-11-17,Fri,6:53,2.76,High
2017-11-17,Fri,13:00,0.45,Low
2017-11-17,Fri,19:00,2.59,High
2017-11-18,Sat,1:14,0.13,Low
2017-11-18,Sat,7:32,2.74,High
2017-11-18,Sat,13:40,0.47,Low
2017-11-18,Sat,19:37,2.55,High
2017-11-19,Sun,1:52,0.16,Low
2017-11-19,Sun,8:09,2.7,High
2017-11-19,Sun,14:18,0.51,Low
2017-11-19,Sun,20:14,2.49,High
2017-11-20,Mon,2:29,0.21,Low
2017-11-20,Mon,8:46,2.64,High
2017-11-20,Mon,14:55,0.57,Low
2017-11-20,Mon,20:51,2.42,High
2017-11-21,Tue,3:06,0.29,Low
2017-11-21,Tue,9:24,2.56,High
2017-11-21,Tue,15:33,0.63,Low
2017-11-21,Tue,21:29,2.34,High
2017-11-22,Wed,3:43,0.38,Low
2017-11-22,Wed,10:04,2.47,High
2017-11-22,Wed,16:12,0.7,Low
2017-11-22,Wed,22:10,2.26,High
2017-11-23,Thu,4:21,0.47,Low
2017-11-23,Thu,10:45,2.39,High
2017-11-23,Thu,16:54,0.76,Low
2017-11-23,Thu,22:54,2.18,High
2017-11-24,Fri,5:04,0.57,Low
2017-11-24,Fri,11:29,2.31,High
2017-11-24,Fri,17:41,0.79,Low
2017-11-24,Fri,23:42,2.12,High
2017-11-25,Sat,5:53,0.64,Low
2017-11-25,Sat,12:17,2.25,High
2017-11-25,Sat,18:34,0.78,Low
2017-11-26,Sun,0:37,2.09,High
2017-11-26,Sun,6:51,0.68,Low
2017-11-26,Sun,13:08,2.22,High
2017-11-26,Sun,19:32,0.71,Low
2017-11-27,Mon,1:37,2.12,High
2017-11-27,Mon,7:53,0.67,Low
2017-11-27,Mon,14:03,2.23,High
2017-11-27,Mon,20:30,0.57,Low
2017-11-28,Tue,2:38,2.21,High
2017-11-28,Tue,8:54,0.61,Low
2017-11-28,Tue,14:59,2.28,High
2017-11-28,Tue,21:24,0.38,Low
2017-11-29,Wed,3:39,2.35,High
2017-11-29,Wed,9:51,0.5,Low
2017-11-29,Wed,15:54,2.36,High
2017-11-29,Wed,22:16,0.16,Low
2017-11-30,Thu,4:36,2.51,High
2017-11-30,Thu,10:45,0.37,Low
2017-11-30,Thu,16:48,2.47,High
2017-11-30,Thu,23:07,-0.07,Low
2017-12-01,Fri,5:30,2.69,High
2017-12-01,Fri,11:37,0.23,Low
2017-12-01,Fri,17:40,2.58,High
2017-12-01,Fri,23:56,-0.27,Low
2017-12-02,Sat,6:23,2.83,High
2017-12-02,Sat,12:27,0.11,Low
2017-12-02,Sat,18:32,2.67,High
2017-12-03,Sun,0:46,-0.42,Low
2017-12-03,Sun,7:14,2.93,High
2017-12-03,Sun,13:17,0.02,Low
2017-12-03,Sun,19:23,2.74,High
2017-12-04,Mon,1:37,-0.5,Low
2017-12-04,Mon,8:05,2.98,High
2017-12-04,Mon,14:08,-0.02,Low
2017-12-04,Mon,20:15,2.76,High
2017-12-05,Tue,2:28,-0.49,Low
2017-12-05,Tue,8:56,2.96,High
2017-12-05,Tue,15:01,-0.01,Low
2017-12-05,Tue,21:09,2.73,High
2017-12-06,Wed,3:22,-0.41,Low
2017-12-06,Wed,9:48,2.88,High
2017-12-06,Wed,15:56,0.03,Low
2017-12-06,Wed,22:03,2.65,High
2017-12-07,Thu,4:18,-0.27,Low
2017-12-07,Thu,10:42,2.77,High
2017-12-07,Thu,16:54,0.09,Low
2017-12-07,Thu,23:01,2.55,High
2017-12-08,Fri,5:17,-0.09,Low
2017-12-08,Fri,11:37,2.63,High
2017-12-08,Fri,17:55,0.15,Low
2017-12-09,Sat,0:01,2.44,High
2017-12-09,Sat,6:20,0.08,Low
2017-12-09,Sat,12:34,2.5,High
2017-12-09,Sat,18:59,0.18,Low
2017-12-10,Sun,1:04,2.34,High
2017-12-10,Sun,7:25,0.23,Low
2017-12-10,Sun,13:32,2.38,High
2017-12-10,Sun,20:01,0.18,Low
2017-12-11,Mon,2:09,2.29,High
2017-12-11,Mon,8:28,0.32,Low
2017-12-11,Mon,14:31,2.29,High
2017-12-11,Mon,21:00,0.15,Low
2017-12-12,Tue,3:12,2.27,High
2017-12-12,Tue,9:28,0.37,Low
2017-12-12,Tue,15:28,2.24,High
2017-12-12,Tue,21:54,0.1,Low
2017-12-13,Wed,4:10,2.29,High
2017-12-13,Wed,10:22,0.38,Low
2017-12-13,Wed,16:21,2.22,High
2017-12-13,Wed,22:43,0.04,Low
2017-12-14,Thu,5:02,2.32,High
2017-12-14,Thu,11:11,0.36,Low
2017-12-14,Thu,17:09,2.21,High
2017-12-14,Thu,23:28,-0.01,Low
2017-12-15,Fri,5:48,2.35,High
2017-12-15,Fri,11:56,0.34,Low
2017-12-15,Fri,17:52,2.21,High
2017-12-16,Sat,0:10,-0.04,Low
2017-12-16,Sat,6:29,2.37,High
2017-12-16,Sat,12:37,0.31,Low
2017-12-16,Sat,18:33,2.21,High
2017-12-17,Sun,0:50,-0.07,Low
2017-12-17,Sun,7:09,2.38,High
2017-12-17,Sun,13:17,0.29,Low
2017-12-17,Sun,19:12,2.21,High
2017-12-18,Mon,1:28,-0.07,Low
2017-12-18,Mon,7:46,2.38,High
2017-12-18,Mon,13:55,0.28,Low
2017-12-18,Mon,19:50,2.19,High
2017-12-19,Tue,2:05,-0.05,Low
2017-12-19,Tue,8:24,2.36,High
2017-12-19,Tue,14:32,0.29,Low
2017-12-19,Tue,20:28,2.15,High
2017-12-20,Wed,2:41,-0.02,Low
2017-12-20,Wed,9:01,2.32,High
2017-12-20,Wed,15:09,0.31,Low
2017-12-20,Wed,21:07,2.11,High
2017-12-21,Thu,3:17,0.04,Low
2017-12-21,Thu,9:39,2.27,High
2017-12-21,Thu,15:46,0.33,Low
2017-12-21,Thu,21:47,2.05,High
2017-12-22,Fri,3:54,0.11,Low
2017-12-22,Fri,10:18,2.2,High
2017-12-22,Fri,16:24,0.34,Low
2017-12-22,Fri,22:29,1.99,High
2017-12-23,Sat,4:33,0.18,Low
2017-12-23,Sat,10:58,2.13,High
2017-12-23,Sat,17:06,0.34,Low
2017-12-23,Sat,23:15,1.95,High
2017-12-24,Sun,5:18,0.25,Low
2017-12-24,Sun,11:41,2.07,High
2017-12-24,Sun,17:54,0.31,Low
2017-12-25,Mon,0:05,1.92,High
2017-12-25,Mon,6:10,0.31,Low
2017-12-25,Mon,12:27,2.02,High
2017-12-25,Mon,18:47,0.25,Low
2017-12-26,Tue,1:01,1.94,High
2017-12-26,Tue,7:10,0.35,Low
2017-12-26,Tue,13:19,2,High
2017-12-26,Tue,19:46,0.15,Low
2017-12-27,Wed,2:02,1.99,High
2017-12-27,Wed,8:13,0.33,Low
2017-12-27,Wed,14:16,2.02,High
2017-12-27,Wed,20:45,-0.01,Low
2017-12-28,Thu,3:06,2.09,High
2017-12-28,Thu,9:16,0.26,Low
2017-12-28,Thu,15:16,2.07,High
2017-12-28,Thu,21:44,-0.19,Low
2017-12-29,Fri,4:09,2.23,High
2017-12-29,Fri,10:16,0.15,Low
2017-12-29,Fri,16:17,2.16,High
2017-12-29,Fri,22:40,-0.39,Low
2017-12-30,Sat,5:08,2.38,High
2017-12-30,Sat,11:13,0.01,Low
2017-12-30,Sat,17:16,2.28,High
2017-12-30,Sat,23:35,-0.57,Low
2017-12-31,Sun,6:04,2.53,High
2017-12-31,Sun,12:07,-0.13,Low
2017-12-31,Sun,18:11,2.4,High
2018-01-01,Mon,0:30,-0.7,Low
2018-01-01,Mon,6:59,2.65,High
2018-01-01,Mon,13:02,-0.22,Low
2018-01-01,Mon,19:08,2.48,High
2018-01-02,Tue,1:23,-0.78,Low
2018-01-02,Tue,7:51,2.71,High
2018-01-02,Tue,13:55,-0.3,Low
2018-01-02,Tue,20:02,2.53,High
2018-01-03,Wed,2:16,-0.78,Low
2018-01-03,Wed,8:41,2.71,High
2018-01-03,Wed,14:47,-0.34,Low
2018-01-03,Wed,20:55,2.52,High
2018-01-04,Thu,3:09,-0.7,Low
2018-01-04,Thu,9:31,2.66,High
2018-01-04,Thu,15:41,-0.34,Low
2018-01-04,Thu,21:48,2.47,High
2018-01-05,Fri,4:03,-0.55,Low
2018-01-05,Fri,10:22,2.56,High
2018-01-05,Fri,16:36,-0.29,Low
2018-01-05,Fri,22:43,2.36,High
2018-01-06,Sat,4:58,-0.36,Low
2018-01-06,Sat,11:12,2.42,High
2018-01-06,Sat,17:32,-0.23,Low
2018-01-06,Sat,23:38,2.24,High
2018-01-07,Sun,5:56,-0.16,Low
2018-01-07,Sun,12:04,2.26,High
2018-01-07,Sun,18:30,-0.16,Low
2018-01-08,Mon,0:36,2.11,High
2018-01-08,Mon,6:55,0.02,Low
2018-01-08,Mon,12:57,2.1,High
2018-01-08,Mon,19:29,-0.1,Low
2018-01-09,Tue,1:36,2,High
2018-01-09,Tue,7:56,0.16,Low
2018-01-09,Tue,13:52,1.97,High
2018-01-09,Tue,20:27,-0.07,Low
2018-01-10,Wed,2:37,1.94,High
2018-01-10,Wed,8:55,0.25,Low
2018-01-10,Wed,14:48,1.88,High
2018-01-10,Wed,21:22,-0.06,Low
2018-01-11,Thu,3:37,1.92,High
2018-01-11,Thu,9:51,0.29,Low
2018-01-11,Thu,15:43,1.83,High
2018-01-11,Thu,22:13,-0.08,Low
2018-01-12,Fri,4:32,1.93,High
2018-01-12,Fri,10:42,0.28,Low
2018-01-12,Fri,16:35,1.83,High
2018-01-12,Fri,23:01,-0.12,Low
2018-01-13,Sat,5:20,1.97,High
2018-01-13,Sat,11:29,0.25,Low
2018-01-13,Sat,17:22,1.85,High
2018-01-13,Sat,23:45,-0.16,Low
2018-01-14,Sun,6:04,2.02,High
2018-01-14,Sun,12:13,0.2,Low
2018-01-14,Sun,18:06,1.89,High
2018-01-15,Mon,0:27,-0.2,Low
2018-01-15,Mon,6:45,2.07,High
2018-01-15,Mon,12:53,0.14,Low
2018-01-15,Mon,18:48,1.93,High
2018-01-16,Tue,1:06,-0.24,Low
2018-01-16,Tue,7:24,2.11,High
2018-01-16,Tue,13:32,0.1,Low
2018-01-16,Tue,19:28,1.96,High
2018-01-17,Wed,1:43,-0.26,Low
2018-01-17,Wed,8:02,2.13,High
2018-01-17,Wed,14:09,0.06,Low
2018-01-17,Wed,20:08,1.97,High
2018-01-18,Thu,2:19,-0.25,Low
2018-01-18,Thu,8:39,2.14,High
2018-01-18,Thu,14:45,0.03,Low
2018-01-18,Thu,20:47,1.97,High
2018-01-19,Fri,2:55,-0.23,Low
2018-01-19,Fri,9:16,2.12,High
2018-01-19,Fri,15:21,0.01,Low
2018-01-19,Fri,21:27,1.95,High
2018-01-20,Sat,3:31,-0.18,Low
2018-01-20,Sat,9:53,2.08,High
2018-01-20,Sat,15:57,-0.01,Low
2018-01-20,Sat,22:07,1.92,High
2018-01-21,Sun,4:09,-0.12,Low
2018-01-21,Sun,10:31,2.02,High
2018-01-21,Sun,16:37,-0.03,Low
2018-01-21,Sun,22:51,1.89,High
2018-01-22,Mon,4:52,-0.04,Low
2018-01-22,Mon,11:11,1.96,High
2018-01-22,Mon,17:21,-0.06,Low
2018-01-22,Mon,23:39,1.87,High
2018-01-23,Tue,5:41,0.05,Low
2018-01-23,Tue,11:54,1.9,High
2018-01-23,Tue,18:13,-0.1,Low
2018-01-24,Wed,0:32,1.86,High
2018-01-24,Wed,6:38,0.12,Low
2018-01-24,Wed,12:44,1.85,High
2018-01-24,Wed,19:11,-0.15,Low
2018-01-25,Thu,1:34,1.88,High
2018-01-25,Thu,7:42,0.16,Low
2018-01-25,Thu,13:42,1.84,High
2018-01-25,Thu,20:14,-0.24,Low
2018-01-26,Fri,2:40,1.93,High
2018-01-26,Fri,8:49,0.14,Low
2018-01-26,Fri,14:48,1.87,High
2018-01-26,Fri,21:19,-0.36,Low
2018-01-27,Sat,3:47,2.03,High
2018-01-27,Sat,9:54,0.06,Low
2018-01-27,Sat,15:55,1.95,High
2018-01-27,Sat,22:21,-0.51,Low
2018-01-28,Sun,4:51,2.17,High
2018-01-28,Sun,10:55,-0.07,Low
2018-01-28,Sun,16:59,2.08,High
2018-01-28,Sun,23:20,-0.66,Low
2018-01-29,Mon,5:49,2.32,High
2018-01-29,Mon,11:52,-0.23,Low
2018-01-29,Mon,17:59,2.23,High
2018-01-30,Tue,0:16,-0.78,Low
2018-01-30,Tue,6:43,2.45,High
2018-01-30,Tue,12:47,-0.37,Low
2018-01-30,Tue,18:55,2.36,High
2018-01-31,Wed,1:10,-0.85,Low
2018-01-31,Wed,7:34,2.54,High
2018-01-31,Wed,13:39,-0.49,Low
2018-01-31,Wed,19:48,2.44,High
2018-02-01,Thu,2:02,-0.85,Low
2018-02-01,Thu,8:23,2.56,High
2018-02-01,Thu,14:31,-0.56,Low
2018-02-01,Thu,20:40,2.46,High
2018-02-02,Fri,2:53,-0.78,Low
2018-02-02,Fri,9:10,2.53,High
2018-02-02,Fri,15:21,-0.57,Low
2018-02-02,Fri,21:30,2.41,High
2018-02-03,Sat,3:43,-0.64,Low
2018-02-03,Sat,9:56,2.43,High
2018-02-03,Sat,16:11,-0.53,Low
2018-02-03,Sat,22:20,2.31,High
2018-02-04,Sun,4:34,-0.45,Low
2018-02-04,Sun,10:42,2.29,High
2018-02-04,Sun,17:02,-0.44,Low
2018-02-04,Sun,23:10,2.17,High
2018-02-05,Mon,5:25,-0.23,Low
2018-02-05,Mon,11:28,2.12,High
2018-02-05,Mon,17:54,-0.32,Low
2018-02-06,Tue,0:02,2.02,High
2018-02-06,Tue,6:19,-0.03,Low
2018-02-06,Tue,12:16,1.95,High
2018-02-06,Tue,18:48,-0.19,Low
2018-02-07,Wed,0:56,1.88,High
2018-02-07,Wed,7:16,0.15,Low
2018-02-07,Wed,13:06,1.8,High
2018-02-07,Wed,19:45,-0.09,Low
2018-02-08,Thu,1:53,1.77,High
2018-02-08,Thu,8:15,0.27,Low
2018-02-08,Thu,14:01,1.69,High
2018-02-08,Thu,20:42,-0.03,Low
2018-02-09,Fri,2:53,1.71,High
2018-02-09,Fri,9:13,0.33,Low
2018-02-09,Fri,14:59,1.64,High
2018-02-09,Fri,21:37,-0.01,Low
2018-02-10,Sat,3:53,1.71,High
2018-02-10,Sat,10:09,0.33,Low
2018-02-10,Sat,15:57,1.64,High
2018-02-10,Sat,22:30,-0.04,Low
2018-02-11,Sun,4:47,1.76,High
2018-02-11,Sun,11:00,0.28,Low
2018-02-11,Sun,16:50,1.69,High
2018-02-11,Sun,23:18,-0.09,Low
2018-02-12,Mon,5:35,1.84,High
2018-02-12,Mon,11:46,0.2,Low
2018-02-12,Mon,17:39,1.77,High
2018-02-13,Tue,0:01,-0.16,Low
2018-02-13,Tue,6:18,1.94,High
2018-02-13,Tue,12:28,0.11,Low
2018-02-13,Tue,18:24,1.86,High
2018-02-14,Wed,0:42,-0.23,Low
2018-02-14,Wed,6:58,2.03,High
2018-02-14,Wed,13:07,0.02,Low
2018-02-14,Wed,19:06,1.94,High
2018-02-15,Thu,1:20,-0.28,Low
2018-02-15,Thu,7:36,2.1,High
2018-02-15,Thu,13:44,-0.06,Low
2018-02-15,Thu,19:46,2.01,High
2018-02-16,Fri,1:57,-0.3,Low
2018-02-16,Fri,8:14,2.14,High
2018-02-16,Fri,14:19,-0.14,Low
2018-02-16,Fri,20:26,2.05,High
2018-02-17,Sat,2:33,-0.3,Low
2018-02-17,Sat,8:50,2.15,High
2018-02-17,Sat,14:55,-0.2,Low
2018-02-17,Sat,21:06,2.08,High
2018-02-18,Sun,3:09,-0.27,Low
2018-02-18,Sun,9:27,2.12,High
2018-02-18,Sun,15:31,-0.24,Low
2018-02-18,Sun,21:47,2.08,High
2018-02-19,Mon,3:48,-0.21,Low
2018-02-19,Mon,10:04,2.08,High
2018-02-19,Mon,16:11,-0.27,Low
2018-02-19,Mon,22:30,2.06,High
2018-02-20,Tue,4:31,-0.13,Low
2018-02-20,Tue,10:44,2.02,High
2018-02-20,Tue,16:55,-0.28,Low
2018-02-20,Tue,23:17,2.02,High
2018-02-21,Wed,5:19,-0.03,Low
2018-02-21,Wed,11:28,1.95,High
2018-02-21,Wed,17:45,-0.27,Low
2018-02-22,Thu,0:10,1.98,High
2018-02-22,Thu,6:15,0.08,Low
2018-02-22,Thu,12:18,1.89,High
2018-02-22,Thu,18:44,-0.25,Low
2018-02-23,Fri,1:11,1.95,High
2018-02-23,Fri,7:19,0.16,Low
2018-02-23,Fri,13:19,1.86,High
2018-02-23,Fri,19:50,-0.26,Low
2018-02-24,Sat,2:19,1.95,High
2018-02-24,Sat,8:28,0.17,Low
2018-02-24,Sat,14:28,1.87,High
2018-02-24,Sat,20:59,-0.3,Low
2018-02-25,Sun,3:28,2.01,High
2018-02-25,Sun,9:36,0.1,Low
2018-02-25,Sun,15:40,1.95,High
2018-02-25,Sun,22:05,-0.4,Low
2018-02-26,Mon,4:34,2.13,High
2018-02-26,Mon,10:40,-0.04,Low
2018-02-26,Mon,16:47,2.09,High
2018-02-26,Mon,23:06,-0.52,Low
2018-02-27,Tue,5:33,2.28,High
2018-02-27,Tue,11:38,-0.21,Low
2018-02-27,Tue,17:48,2.25,High
2018-02-28,Wed,0:03,-0.62,Low
2018-02-28,Wed,6:26,2.41,High
2018-02-28,Wed,12:32,-0.37,Low
2018-02-28,Wed,18:43,2.4,High
2018-03-01,Thu,0:56,-0.68,Low
2018-03-01,Thu,7:15,2.5,High
2018-03-01,Thu,13:22,-0.5,Low
2018-03-01,Thu,19:34,2.49,High
2018-03-02,Fri,1:46,-0.67,Low
2018-03-02,Fri,8:02,2.53,High
2018-03-02,Fri,14:11,-0.58,Low
2018-03-02,Fri,20:23,2.52,High
2018-03-03,Sat,2:34,-0.61,Low
2018-03-03,Sat,8:46,2.5,High
2018-03-03,Sat,14:58,-0.58,Low
2018-03-03,Sat,21:09,2.48,High
2018-03-04,Sun,3:21,-0.48,Low
2018-03-04,Sun,9:29,2.41,High
2018-03-04,Sun,15:44,-0.52,Low
2018-03-04,Sun,21:55,2.38,High
2018-03-05,Mon,4:07,-0.31,Low
2018-03-05,Mon,10:10,2.28,High
2018-03-05,Mon,16:29,-0.41,Low
2018-03-05,Mon,22:40,2.24,High
2018-03-06,Tue,4:54,-0.11,Low
2018-03-06,Tue,10:52,2.12,High
2018-03-06,Tue,17:16,-0.25,Low
2018-03-06,Tue,23:26,2.08,High
2018-03-07,Wed,5:42,0.09,Low
2018-03-07,Wed,11:35,1.96,High
2018-03-07,Wed,18:06,-0.09,Low
2018-03-08,Thu,0:14,1.93,High
2018-03-08,Thu,6:34,0.27,Low
2018-03-08,Thu,12:21,1.81,High
2018-03-08,Thu,18:59,0.06,Low
2018-03-09,Fri,1:06,1.8,High
2018-03-09,Fri,7:31,0.41,Low
2018-03-09,Fri,13:13,1.7,High
2018-03-09,Fri,19:57,0.16,Low
2018-03-10,Sat,2:04,1.72,High
2018-03-10,Sat,8:31,0.48,Low
2018-03-10,Sat,14:12,1.64,High
2018-03-10,Sat,20:56,0.2,Low
2018-03-11,Sun,4:05,1.7,High
2018-03-11,Sun,10:30,0.48,Low
2018-03-11,Sun,16:15,1.65,High
2018-03-11,Sun,22:53,0.18,Low
2018-03-12,Mon,5:05,1.75,High
2018-03-12,Mon,11:25,0.42,Low
2018-03-12,Mon,17:15,1.72,High
2018-03-12,Mon,23:45,0.12,Low
2018-03-13,Tue,5:57,1.85,High
2018-03-13,Tue,12:13,0.31,Low
2018-03-13,Tue,18:08,1.82,High
2018-03-14,Wed,0:31,0.04,Low
2018-03-14,Wed,6:43,1.97,High
2018-03-14,Wed,12:56,0.18,Low
2018-03-14,Wed,18:56,1.95,High
2018-03-15,Thu,1:13,-0.05,Low
2018-03-15,Thu,7:25,2.08,High
2018-03-15,Thu,13:36,0.05,Low
2018-03-15,Thu,19:40,2.08,High
2018-03-16,Fri,1:52,-0.13,Low
2018-03-16,Fri,8:05,2.18,High
2018-03-16,Fri,14:13,-0.08,Low
2018-03-16,Fri,20:22,2.19,High
2018-03-17,Sat,2:31,-0.19,Low
2018-03-17,Sat,8:44,2.25,High
2018-03-17,Sat,14:50,-0.2,Low
2018-03-17,Sat,21:04,2.28,High
2018-03-18,Sun,3:09,-0.21,Low
2018-03-18,Sun,9:22,2.27,High
2018-03-18,Sun,15:27,-0.29,Low
2018-03-18,Sun,21:45,2.34,High
2018-03-19,Mon,3:48,-0.2,Low
2018-03-19,Mon,10:00,2.27,High
2018-03-19,Mon,16:06,-0.34,Low
2018-03-19,Mon,22:27,2.35,High
2018-03-20,Tue,4:29,-0.15,Low
2018-03-20,Tue,10:40,2.24,High
2018-03-20,Tue,16:47,-0.36,Low
2018-03-20,Tue,23:12,2.33,High
2018-03-21,Wed,5:13,-0.07,Low
2018-03-21,Wed,11:22,2.18,High
2018-03-21,Wed,17:34,-0.34,Low
2018-03-22,Thu,0:01,2.27,High
2018-03-22,Thu,6:03,0.04,Low
2018-03-22,Thu,12:09,2.11,High
2018-03-22,Thu,18:26,-0.27,Low
2018-03-23,Fri,0:54,2.19,High
2018-03-23,Fri,6:59,0.16,Low
2018-03-23,Fri,13:04,2.04,High
2018-03-23,Fri,19:27,-0.19,Low
2018-03-24,Sat,1:55,2.12,High
2018-03-24,Sat,8:04,0.24,Low
2018-03-24,Sat,14:07,1.99,High
2018-03-24,Sat,20:35,-0.14,Low
2018-03-25,Sun,3:02,2.09,High
2018-03-25,Sun,9:14,0.25,Low
2018-03-25,Sun,15:18,2,High
2018-03-25,Sun,21:45,-0.13,Low
2018-03-26,Mon,4:11,2.13,High
2018-03-26,Mon,10:23,0.17,Low
2018-03-26,Mon,16:30,2.08,High
2018-03-26,Mon,22:52,-0.18,Low
2018-03-27,Tue,5:16,2.22,High
2018-03-27,Tue,11:26,0.03,Low
2018-03-27,Tue,17:37,2.21,High
2018-03-27,Tue,23:53,-0.26,Low
2018-03-28,Wed,6:14,2.33,High
2018-03-28,Wed,12:23,-0.14,Low
2018-03-28,Wed,18:36,2.36,High
2018-03-29,Thu,0:49,-0.33,Low
2018-03-29,Thu,7:06,2.44,High
2018-03-29,Thu,13:15,-0.29,Low
2018-03-29,Thu,19:29,2.49,High
2018-03-30,Fri,1:40,-0.37,Low
2018-03-30,Fri,7:53,2.5,High
2018-03-30,Fri,14:03,-0.41,Low
2018-03-30,Fri,20:18,2.57,High
2018-03-31,Sat,2:27,-0.36,Low
2018-03-31,Sat,8:37,2.52,High
2018-03-31,Sat,14:48,-0.47,Low
2018-03-31,Sat,21:03,2.6,High
2018-04-01,Sun,3:13,-0.31,Low
2018-04-01,Sun,9:19,2.48,High
2018-04-01,Sun,15:32,-0.46,Low
2018-04-01,Sun,21:47,2.56,High
2018-04-02,Mon,3:56,-0.21,Low
2018-04-02,Mon,10:00,2.4,High
2018-04-02,Mon,16:14,-0.38,Low
2018-04-02,Mon,22:28,2.46,High
2018-04-03,Tue,4:39,-0.07,Low
2018-04-03,Tue,10:39,2.29,High
2018-04-03,Tue,16:56,-0.26,Low
2018-04-03,Tue,23:10,2.34,High
2018-04-04,Wed,5:22,0.09,Low
2018-04-04,Wed,11:18,2.15,High
2018-04-04,Wed,17:39,-0.1,Low
2018-04-04,Wed,23:51,2.19,High
2018-04-05,Thu,6:06,0.26,Low
2018-04-05,Thu,11:58,2.02,High
2018-04-05,Thu,18:24,0.06,Low
2018-04-06,Fri,0:35,2.05,High
2018-04-06,Fri,6:54,0.41,Low
2018-04-06,Fri,12:42,1.89,High
2018-04-06,Fri,19:14,0.21,Low
2018-04-07,Sat,1:23,1.92,High
2018-04-07,Sat,7:47,0.53,Low
2018-04-07,Sat,13:31,1.79,High
2018-04-07,Sat,20:09,0.33,Low
2018-04-08,Sun,2:16,1.84,High
2018-04-08,Sun,8:46,0.6,Low
2018-04-08,Sun,14:28,1.73,High
2018-04-08,Sun,21:09,0.39,Low
2018-04-09,Mon,3:15,1.81,High
2018-04-09,Mon,9:47,0.59,Low
2018-04-09,Mon,15:31,1.73,High
2018-04-09,Mon,22:09,0.39,Low
2018-04-10,Tue,4:15,1.84,High
2018-04-10,Tue,10:43,0.52,Low
2018-04-10,Tue,16:34,1.8,High
2018-04-10,Tue,23:04,0.33,Low
2018-04-11,Wed,5:11,1.92,High
2018-04-11,Wed,11:33,0.39,Low
2018-04-11,Wed,17:32,1.92,High
2018-04-11,Wed,23:53,0.24,Low
2018-04-12,Thu,6:01,2.03,High
2018-04-12,Thu,12:18,0.23,Low
2018-04-12,Thu,18:23,2.07,High
2018-04-13,Fri,0:38,0.14,Low
2018-04-13,Fri,6:46,2.15,High
2018-04-13,Fri,12:59,0.06,Low
2018-04-13,Fri,19:10,2.23,High
2018-04-14,Sat,1:20,0.04,Low
2018-04-14,Sat,7:29,2.25,High
2018-04-14,Sat,13:39,-0.11,Low
2018-04-14,Sat,19:55,2.38,High
2018-04-15,Sun,2:02,-0.04,Low
2018-04-15,Sun,8:11,2.33,High
2018-04-15,Sun,14:18,-0.25,Low
2018-04-15,Sun,20:39,2.49,High
2018-04-16,Mon,2:43,-0.1,Low
2018-04-16,Mon,8:52,2.38,High
2018-04-16,Mon,14:59,-0.36,Low
2018-04-16,Mon,21:23,2.56,High
2018-04-17,Tue,3:26,-0.11,Low
2018-04-17,Tue,9:35,2.39,High
2018-04-17,Tue,15:42,-0.42,Low
2018-04-17,Tue,22:09,2.58,High
2018-04-18,Wed,4:11,-0.08,Low
2018-04-18,Wed,10:19,2.37,High
2018-04-18,Wed,16:28,-0.42,Low
2018-04-18,Wed,22:56,2.55,High
2018-04-19,Thu,4:58,-0.01,Low
2018-04-19,Thu,11:06,2.33,High
2018-04-19,Thu,17:18,-0.36,Low
2018-04-19,Thu,23:47,2.48,High
2018-04-20,Fri,5:51,0.09,Low
2018-04-20,Fri,11:57,2.26,High
2018-04-20,Fri,18:13,-0.26,Low
2018-04-21,Sat,0:42,2.38,High
2018-04-21,Sat,6:50,0.18,Low
2018-04-21,Sat,12:55,2.19,High
2018-04-21,Sat,19:15,-0.14,Low
2018-04-22,Sun,1:42,2.29,High
2018-04-22,Sun,7:55,0.23,Low
2018-04-22,Sun,13:59,2.13,High
2018-04-22,Sun,20:23,-0.05,Low
2018-04-23,Mon,2:46,2.24,High
2018-04-23,Mon,9:03,0.23,Low
2018-04-23,Mon,15:09,2.13,High
2018-04-23,Mon,21:32,0,Low
2018-04-24,Tue,3:52,2.23,High
2018-04-24,Tue,10:10,0.14,Low
2018-04-24,Tue,16:19,2.19,High
2018-04-24,Tue,22:38,0,Low
2018-04-25,Wed,4:54,2.27,High
2018-04-25,Wed,11:10,0.02,Low
2018-04-25,Wed,17:23,2.29,High
2018-04-25,Wed,23:37,-0.04,Low
2018-04-26,Thu,5:51,2.33,High
2018-04-26,Thu,12:04,-0.12,Low
2018-04-26,Thu,18:21,2.41,High
2018-04-27,Fri,0:31,-0.07,Low
2018-04-27,Fri,6:42,2.39,High
2018-04-27,Fri,12:54,-0.24,Low
2018-04-27,Fri,19:12,2.5,High
2018-04-28,Sat,1:20,-0.09,Low
2018-04-28,Sat,7:28,2.42,High
2018-04-28,Sat,13:40,-0.32,Low
2018-04-28,Sat,19:59,2.55,High
2018-04-29,Sun,2:06,-0.09,Low
2018-04-29,Sun,8:11,2.42,High
2018-04-29,Sun,14:23,-0.35,Low
2018-04-29,Sun,20:42,2.56,High
2018-04-30,Mon,2:50,-0.05,Low
2018-04-30,Mon,8:52,2.38,High
2018-04-30,Mon,15:05,-0.33,Low
2018-04-30,Mon,21:23,2.52,High
2018-05-01,Tue,3:31,0.02,Low
2018-05-01,Tue,9:31,2.31,High
2018-05-01,Tue,15:45,-0.26,Low
2018-05-01,Tue,22:03,2.44,High
2018-05-02,Wed,4:12,0.11,Low
2018-05-02,Wed,10:09,2.23,High
2018-05-02,Wed,16:25,-0.15,Low
2018-05-02,Wed,22:42,2.34,High
2018-05-03,Thu,4:53,0.22,Low
2018-05-03,Thu,10:47,2.13,High
2018-05-03,Thu,17:06,-0.02,Low
2018-05-03,Thu,23:21,2.23,High
2018-05-04,Fri,5:34,0.34,Low
2018-05-04,Fri,11:27,2.02,High
2018-05-04,Fri,17:47,0.12,Low
2018-05-05,Sat,0:02,2.11,High
2018-05-05,Sat,6:18,0.45,Low
2018-05-05,Sat,12:09,1.92,High
2018-05-05,Sat,18:32,0.25,Low
2018-05-06,Sun,0:47,2.01,High
2018-05-06,Sun,7:07,0.53,Low
2018-05-06,Sun,12:57,1.84,High
2018-05-06,Sun,19:23,0.36,Low
2018-05-07,Mon,1:35,1.93,High
2018-05-07,Mon,8:02,0.57,Low
2018-05-07,Mon,13:50,1.79,High
2018-05-07,Mon,20:20,0.43,Low
2018-05-08,Tue,2:28,1.89,High
2018-05-08,Tue,9:00,0.56,Low
2018-05-08,Tue,14:50,1.79,High
2018-05-08,Tue,21:19,0.45,Low
2018-05-09,Wed,3:24,1.9,High
2018-05-09,Wed,9:56,0.47,Low
2018-05-09,Wed,15:52,1.84,High
2018-05-09,Wed,22:16,0.41,Low
2018-05-10,Thu,4:20,1.95,High
2018-05-10,Thu,10:47,0.34,Low
2018-05-10,Thu,16:52,1.96,High
2018-05-10,Thu,23:09,0.33,Low
2018-05-11,Fri,5:13,2.03,High
2018-05-11,Fri,11:34,0.16,Low
2018-05-11,Fri,17:47,2.11,High
2018-05-11,Fri,23:59,0.23,Low
2018-05-12,Sat,6:03,2.12,High
2018-05-12,Sat,12:19,-0.03,Low
2018-05-12,Sat,18:38,2.28,High
2018-05-13,Sun,0:46,0.12,Low
2018-05-13,Sun,6:51,2.23,High
2018-05-13,Sun,13:04,-0.22,Low
2018-05-13,Sun,19:27,2.44,High
2018-05-14,Mon,1:32,0.01,Low
2018-05-14,Mon,7:38,2.32,High
2018-05-14,Mon,13:48,-0.39,Low
2018-05-14,Mon,20:15,2.57,High
2018-05-15,Tue,2:18,-0.06,Low
2018-05-15,Tue,8:24,2.39,High
2018-05-15,Tue,14:34,-0.5,Low
2018-05-15,Tue,21:03,2.65,High
2018-05-16,Wed,3:05,-0.1,Low
2018-05-16,Wed,9:12,2.42,High
2018-05-16,Wed,15:22,-0.55,Low
2018-05-16,Wed,21:51,2.67,High
2018-05-17,Thu,3:54,-0.1,Low
2018-05-17,Thu,10:01,2.43,High
2018-05-17,Thu,16:12,-0.54,Low
2018-05-17,Thu,22:42,2.65,High
2018-05-18,Fri,4:45,-0.06,Low
2018-05-18,Fri,10:52,2.4,High
2018-05-18,Fri,17:05,-0.46,Low
2018-05-18,Fri,23:34,2.57,High
2018-05-19,Sat,5:40,-0.01,Low
2018-05-19,Sat,11:47,2.34,High
2018-05-19,Sat,18:02,-0.33,Low
2018-05-20,Sun,0:28,2.48,High
2018-05-20,Sun,6:40,0.05,Low
2018-05-20,Sun,12:46,2.27,High
2018-05-20,Sun,19:04,-0.19,Low
2018-05-21,Mon,1:26,2.38,High
2018-05-21,Mon,7:44,0.08,Low
2018-05-21,Mon,13:49,2.21,High
2018-05-21,Mon,20:10,-0.06,Low
2018-05-22,Tue,2:26,2.3,High
2018-05-22,Tue,8:49,0.06,Low
2018-05-22,Tue,14:56,2.18,High
2018-05-22,Tue,21:16,0.03,Low
2018-05-23,Wed,3:27,2.25,High
2018-05-23,Wed,9:52,0,Low
2018-05-23,Wed,16:02,2.2,High
2018-05-23,Wed,22:19,0.07,Low
2018-05-24,Thu,4:27,2.23,High
2018-05-24,Thu,10:49,-0.08,Low
2018-05-24,Thu,17:05,2.25,High
2018-05-24,Thu,23:17,0.09,Low
2018-05-25,Fri,5:23,2.23,High
2018-05-25,Fri,11:42,-0.17,Low
2018-05-25,Fri,18:01,2.32,High
2018-05-26,Sat,0:10,0.08,Low
2018-05-26,Sat,6:14,2.23,High
2018-05-26,Sat,12:31,-0.23,Low
2018-05-26,Sat,18:52,2.37,High
2018-05-27,Sun,0:58,0.08,Low
2018-05-27,Sun,7:01,2.23,High
2018-05-27,Sun,13:16,-0.28,Low
2018-05-27,Sun,19:37,2.4,High
2018-05-28,Mon,1:43,0.08,Low
2018-05-28,Mon,7:44,2.22,High
2018-05-28,Mon,13:58,-0.28,Low
2018-05-28,Mon,20:20,2.4,High
2018-05-29,Tue,2:26,0.1,Low
2018-05-29,Tue,8:25,2.2,High
2018-05-29,Tue,14:39,-0.26,Low
2018-05-29,Tue,20:59,2.37,High
2018-05-30,Wed,3:07,0.13,Low
2018-05-30,Wed,9:04,2.16,High
2018-05-30,Wed,15:19,-0.21,Low
2018-05-30,Wed,21:38,2.33,High
2018-05-31,Thu,3:47,0.18,Low
2018-05-31,Thu,9:42,2.11,High
2018-05-31,Thu,15:58,-0.13,Low
2018-05-31,Thu,22:16,2.26,High
2018-06-01,Fri,4:26,0.24,Low
2018-06-01,Fri,10:21,2.04,High
2018-06-01,Fri,16:36,-0.04,Low
2018-06-01,Fri,22:55,2.19,High
2018-06-02,Sat,5:06,0.31,Low
2018-06-02,Sat,11:01,1.97,High
2018-06-02,Sat,17:16,0.07,Low
2018-06-02,Sat,23:34,2.11,High
2018-06-03,Sun,5:47,0.37,Low
2018-06-03,Sun,11:42,1.9,High
2018-06-03,Sun,17:57,0.17,Low
2018-06-04,Mon,0:16,2.04,High
2018-06-04,Mon,6:31,0.41,Low
2018-06-04,Mon,12:28,1.84,High
2018-06-04,Mon,18:42,0.27,Low
2018-06-05,Tue,0:59,1.97,High
2018-06-05,Tue,7:20,0.42,Low
2018-06-05,Tue,13:17,1.8,High
2018-06-05,Tue,19:33,0.34,Low
2018-06-06,Wed,1:46,1.93,High
2018-06-06,Wed,8:12,0.39,Low
2018-06-06,Wed,14:12,1.8,High
2018-06-06,Wed,20:29,0.38,Low
2018-06-07,Thu,2:37,1.91,High
2018-06-07,Thu,9:06,0.3,Low
2018-06-07,Thu,15:11,1.85,High
2018-06-07,Thu,21:28,0.37,Low
2018-06-08,Fri,3:30,1.93,High
2018-06-08,Fri,9:59,0.17,Low
2018-06-08,Fri,16:11,1.95,High
2018-06-08,Fri,22:25,0.32,Low
2018-06-09,Sat,4:25,1.97,High
2018-06-09,Sat,10:51,0,Low
2018-06-09,Sat,17:10,2.09,High
2018-06-09,Sat,23:20,0.23,Low
2018-06-10,Sun,5:20,2.05,High
2018-06-10,Sun,11:42,-0.19,Low
2018-06-10,Sun,18:06,2.25,High
2018-06-11,Mon,0:12,0.12,Low
2018-06-11,Mon,6:14,2.15,High
2018-06-11,Mon,12:32,-0.37,Low
2018-06-11,Mon,19:00,2.41,High
2018-06-12,Tue,1:04,0.01,Low
2018-06-12,Tue,7:07,2.26,High
2018-06-12,Tue,13:22,-0.53,Low
2018-06-12,Tue,19:52,2.54,High
2018-06-13,Wed,1:54,-0.09,Low
2018-06-13,Wed,8:00,2.35,High
2018-06-13,Wed,14:13,-0.64,Low
2018-06-13,Wed,20:43,2.63,High
2018-06-14,Thu,2:45,-0.16,Low
2018-06-14,Thu,8:52,2.42,High
2018-06-14,Thu,15:04,-0.69,Low
2018-06-14,Thu,21:34,2.67,High
2018-06-15,Fri,3:37,-0.2,Low
2018-06-15,Fri,9:45,2.45,High
2018-06-15,Fri,15:57,-0.66,Low
2018-06-15,Fri,22:26,2.66,High
2018-06-16,Sat,4:31,-0.2,Low
2018-06-16,Sat,10:39,2.44,High
2018-06-16,Sat,16:52,-0.57,Low
2018-06-16,Sat,23:18,2.61,High
2018-06-17,Sun,5:27,-0.18,Low
2018-06-17,Sun,11:35,2.4,High
2018-06-17,Sun,17:49,-0.42,Low
2018-06-18,Mon,0:11,2.52,High
2018-06-18,Mon,6:26,-0.15,Low
2018-06-18,Mon,12:33,2.32,High
2018-06-18,Mon,18:49,-0.26,Low
2018-06-19,Tue,1:05,2.41,High
2018-06-19,Tue,7:27,-0.13,Low
2018-06-19,Tue,13:33,2.25,High
2018-06-19,Tue,19:52,-0.1,Low
2018-06-20,Wed,2:01,2.29,High
2018-06-20,Wed,8:28,-0.12,Low
2018-06-20,Wed,14:35,2.19,High
2018-06-20,Wed,20:55,0.04,Low
2018-06-21,Thu,2:58,2.2,High
2018-06-21,Thu,9:28,-0.12,Low
2018-06-21,Thu,15:39,2.15,High
2018-06-21,Thu,21:55,0.13,Low
2018-06-22,Fri,3:56,2.12,High
2018-06-22,Fri,10:24,-0.14,Low
2018-06-22,Fri,16:40,2.15,High
2018-06-22,Fri,22:53,0.18,Low
2018-06-23,Sat,4:52,2.08,High
2018-06-23,Sat,11:17,-0.17,Low
2018-06-23,Sat,17:37,2.17,High
2018-06-23,Sat,23:45,0.2,Low
2018-06-24,Sun,5:44,2.06,High
2018-06-24,Sun,12:05,-0.19,Low
2018-06-24,Sun,18:28,2.2,High
2018-06-25,Mon,0:34,0.2,Low
2018-06-25,Mon,6:32,2.05,High
2018-06-25,Mon,12:51,-0.2,Low
2018-06-25,Mon,19:14,2.22,High
2018-06-26,Tue,1:19,0.2,Low
2018-06-26,Tue,7:17,2.05,High
2018-06-26,Tue,13:34,-0.2,Low
2018-06-26,Tue,19:56,2.23,High
2018-06-27,Wed,2:02,0.19,Low
2018-06-27,Wed,7:59,2.06,High
2018-06-27,Wed,14:15,-0.2,Low
2018-06-27,Wed,20:36,2.24,High
2018-06-28,Thu,2:43,0.19,Low
2018-06-28,Thu,8:39,2.05,High
2018-06-28,Thu,14:54,-0.17,Low
2018-06-28,Thu,21:14,2.23,High
2018-06-29,Fri,3:22,0.2,Low
2018-06-29,Fri,9:18,2.04,High
2018-06-29,Fri,15:33,-0.12,Low
2018-06-29,Fri,21:52,2.21,High
2018-06-30,Sat,4:01,0.22,Low
2018-06-30,Sat,9:57,2.01,High
2018-06-30,Sat,16:10,-0.06,Low
2018-06-30,Sat,22:29,2.18,High
2018-07-01,Sun,4:39,0.24,Low
2018-07-01,Sun,10:37,1.98,High
2018-07-01,Sun,16:47,0.01,Low
2018-07-01,Sun,23:07,2.13,High
2018-07-02,Mon,5:17,0.26,Low
2018-07-02,Mon,11:18,1.94,High
2018-07-02,Mon,17:26,0.1,Low
2018-07-02,Mon,23:46,2.08,High
2018-07-03,Tue,5:57,0.27,Low
2018-07-03,Tue,12:01,1.9,High
2018-07-03,Tue,18:07,0.18,Low
2018-07-04,Wed,0:26,2.03,High
2018-07-04,Wed,6:40,0.26,Low
2018-07-04,Wed,12:47,1.88,High
2018-07-04,Wed,18:53,0.26,Low
2018-07-05,Thu,1:08,1.98,High
2018-07-05,Thu,7:27,0.22,Low
2018-07-05,Thu,13:38,1.88,High
2018-07-05,Thu,19:46,0.32,Low
2018-07-06,Fri,1:54,1.95,High
2018-07-06,Fri,8:20,0.16,Low
2018-07-06,Fri,14:34,1.92,High
2018-07-06,Fri,20:45,0.35,Low
2018-07-07,Sat,2:46,1.95,High
2018-07-07,Sat,9:16,0.05,Low
2018-07-07,Sat,15:35,1.99,High
2018-07-07,Sat,21:46,0.33,Low
2018-07-08,Sun,3:43,1.97,High
2018-07-08,Sun,10:14,-0.09,Low
2018-07-08,Sun,16:37,2.1,High
2018-07-08,Sun,22:46,0.26,Low
2018-07-09,Mon,4:43,2.04,High
2018-07-09,Mon,11:11,-0.25,Low
2018-07-09,Mon,17:38,2.24,High
2018-07-09,Mon,23:44,0.16,Low
2018-07-10,Tue,5:44,2.15,High
2018-07-10,Tue,12:06,-0.41,Low
2018-07-10,Tue,18:36,2.4,High
2018-07-11,Wed,0:39,0.04,Low
2018-07-11,Wed,6:43,2.28,High
2018-07-11,Wed,13:01,-0.55,Low
2018-07-11,Wed,19:32,2.54,High
2018-07-12,Thu,1:34,-0.09,Low
2018-07-12,Thu,7:40,2.4,High
2018-07-12,Thu,13:55,-0.65,Low
2018-07-12,Thu,20:25,2.65,High
2018-07-13,Fri,2:27,-0.19,Low
2018-07-13,Fri,8:35,2.5,High
2018-07-13,Fri,14:49,-0.69,Low
2018-07-13,Fri,21:16,2.71,High
2018-07-14,Sat,3:20,-0.27,Low
2018-07-14,Sat,9:30,2.56,High
2018-07-14,Sat,15:42,-0.65,Low
2018-07-14,Sat,22:07,2.72,High
2018-07-15,Sun,4:14,-0.3,Low
2018-07-15,Sun,10:24,2.57,High
2018-07-15,Sun,16:36,-0.55,Low
2018-07-15,Sun,22:57,2.67,High
2018-07-16,Mon,5:09,-0.3,Low
2018-07-16,Mon,11:18,2.52,High
2018-07-16,Mon,17:32,-0.39,Low
2018-07-16,Mon,23:48,2.58,High
2018-07-17,Tue,6:05,-0.26,Low
2018-07-17,Tue,12:13,2.44,High
2018-07-17,Tue,18:29,-0.2,Low
2018-07-18,Wed,0:39,2.46,High
2018-07-18,Wed,7:02,-0.2,Low
2018-07-18,Wed,13:10,2.33,High
2018-07-18,Wed,19:27,-0.01,Low
2018-07-19,Thu,1:31,2.32,High
2018-07-19,Thu,8:00,-0.13,Low
2018-07-19,Thu,14:09,2.23,High
2018-07-19,Thu,20:27,0.16,Low
2018-07-20,Fri,2:25,2.19,High
2018-07-20,Fri,8:58,-0.07,Low
2018-07-20,Fri,15:09,2.15,High
2018-07-20,Fri,21:27,0.29,Low
2018-07-21,Sat,3:21,2.08,High
2018-07-21,Sat,9:55,-0.02,Low
2018-07-21,Sat,16:10,2.11,High
2018-07-21,Sat,22:25,0.36,Low
2018-07-22,Sun,4:18,2.02,High
2018-07-22,Sun,10:49,0,Low
2018-07-22,Sun,17:08,2.1,High
2018-07-22,Sun,23:19,0.4,Low
2018-07-23,Mon,5:13,1.99,High
2018-07-23,Mon,11:39,0.01,Low
2018-07-23,Mon,18:01,2.12,High
2018-07-24,Tue,0:08,0.4,Low
2018-07-24,Tue,6:04,2,High
2018-07-24,Tue,12:26,0,Low
2018-07-24,Tue,18:48,2.15,High
2018-07-25,Wed,0:54,0.37,Low
2018-07-25,Wed,6:50,2.04,High
2018-07-25,Wed,13:10,-0.02,Low
2018-07-25,Wed,19:30,2.2,High
2018-07-26,Thu,1:37,0.34,Low
2018-07-26,Thu,7:34,2.08,High
2018-07-26,Thu,13:52,-0.03,Low
2018-07-26,Thu,20:10,2.25,High
2018-07-27,Fri,2:18,0.3,Low
2018-07-27,Fri,8:15,2.12,High
2018-07-27,Fri,14:31,-0.03,Low
2018-07-27,Fri,20:48,2.28,High
2018-07-28,Sat,2:57,0.27,Low
2018-07-28,Sat,8:55,2.14,High
2018-07-28,Sat,15:08,-0.01,Low
2018-07-28,Sat,21:26,2.3,High
2018-07-29,Sun,3:34,0.25,Low
2018-07-29,Sun,9:34,2.15,High
2018-07-29,Sun,15:44,0.03,Low
2018-07-29,Sun,22:02,2.3,High
2018-07-30,Mon,4:10,0.24,Low
2018-07-30,Mon,10:14,2.15,High
2018-07-30,Mon,16:20,0.09,Low
2018-07-30,Mon,22:39,2.27,High
2018-07-31,Tue,4:45,0.23,Low
2018-07-31,Tue,10:54,2.14,High
2018-07-31,Tue,16:57,0.16,Low
2018-07-31,Tue,23:16,2.23,High
2018-08-01,Wed,5:22,0.23,Low
2018-08-01,Wed,11:35,2.12,High
2018-08-01,Wed,17:36,0.24,Low
2018-08-01,Wed,23:54,2.18,High
2018-08-02,Thu,6:03,0.21,Low
2018-08-02,Thu,12:20,2.1,High
2018-08-02,Thu,18:21,0.33,Low
2018-08-03,Fri,0:34,2.13,High
2018-08-03,Fri,6:49,0.2,Low
2018-08-03,Fri,13:09,2.1,High
2018-08-03,Fri,19:12,0.41,Low
2018-08-04,Sat,1:19,2.09,High
2018-08-04,Sat,7:42,0.16,Low
2018-08-04,Sat,14:04,2.11,High
2018-08-04,Sat,20:11,0.46,Low
2018-08-05,Sun,2:11,2.08,High
2018-08-05,Sun,8:42,0.11,Low
2018-08-05,Sun,15:06,2.15,High
2018-08-05,Sun,21:15,0.47,Low
2018-08-06,Mon,3:12,2.1,High
2018-08-06,Mon,9:44,0.02,Low
2018-08-06,Mon,16:11,2.23,High
2018-08-06,Mon,22:20,0.42,Low
2018-08-07,Tue,4:18,2.17,High
2018-08-07,Tue,10:47,-0.1,Low
2018-08-07,Tue,17:16,2.35,High
2018-08-07,Tue,23:22,0.32,Low
2018-08-08,Wed,5:24,2.29,High
2018-08-08,Wed,11:47,-0.24,Low
2018-08-08,Wed,18:17,2.51,High
2018-08-09,Thu,0:20,0.17,Low
2018-08-09,Thu,6:26,2.44,High
2018-08-09,Thu,12:45,-0.37,Low
2018-08-09,Thu,19:13,2.66,High
2018-08-10,Fri,1:16,0.02,Low
2018-08-10,Fri,7:25,2.6,High
2018-08-10,Fri,13:40,-0.46,Low
2018-08-10,Fri,20:06,2.78,High
2018-08-11,Sat,2:10,-0.12,Low
2018-08-11,Sat,8:20,2.72,High
2018-08-11,Sat,14:33,-0.49,Low
2018-08-11,Sat,20:56,2.85,High
2018-08-12,Sun,3:02,-0.22,Low
2018-08-12,Sun,9:14,2.8,High
2018-08-12,Sun,15:26,-0.44,Low
2018-08-12,Sun,21:45,2.87,High
2018-08-13,Mon,3:54,-0.26,Low
2018-08-13,Mon,10:06,2.8,High
2018-08-13,Mon,16:17,-0.33,Low
2018-08-13,Mon,22:33,2.82,High
2018-08-14,Tue,4:45,-0.24,Low
2018-08-14,Tue,10:57,2.75,High
2018-08-14,Tue,17:10,-0.16,Low
2018-08-14,Tue,23:20,2.72,High
2018-08-15,Wed,5:38,-0.17,Low
2018-08-15,Wed,11:49,2.65,High
2018-08-15,Wed,18:03,0.04,Low
2018-08-16,Thu,0:08,2.58,High
2018-08-16,Thu,6:31,-0.06,Low
2018-08-16,Thu,12:42,2.51,High
2018-08-16,Thu,18:58,0.25,Low
2018-08-17,Fri,0:58,2.42,High
2018-08-17,Fri,7:26,0.08,Low
2018-08-17,Fri,13:37,2.37,High
2018-08-17,Fri,19:56,0.44,Low
2018-08-18,Sat,1:49,2.27,High
2018-08-18,Sat,8:24,0.2,Low
2018-08-18,Sat,14:34,2.25,High
2018-08-18,Sat,20:55,0.58,Low
2018-08-19,Sun,2:44,2.16,High
2018-08-19,Sun,9:22,0.3,Low
2018-08-19,Sun,15:34,2.18,High
2018-08-19,Sun,21:54,0.67,Low
2018-08-20,Mon,3:42,2.09,High
2018-08-20,Mon,10:18,0.35,Low
2018-08-20,Mon,16:33,2.16,High
2018-08-20,Mon,22:50,0.69,Low
2018-08-21,Tue,4:40,2.08,High
2018-08-21,Tue,11:12,0.35,Low
2018-08-21,Tue,17:28,2.19,High
2018-08-21,Tue,23:41,0.67,Low
2018-08-22,Wed,5:34,2.12,High
2018-08-22,Wed,12:00,0.33,Low
2018-08-22,Wed,18:17,2.25,High
2018-08-23,Thu,0:28,0.62,Low
2018-08-23,Thu,6:23,2.19,High
2018-08-23,Thu,12:45,0.29,Low
2018-08-23,Thu,19:00,2.33,High
2018-08-24,Fri,1:11,0.55,Low
2018-08-24,Fri,7:08,2.27,High
2018-08-24,Fri,13:27,0.25,Low
2018-08-24,Fri,19:40,2.41,High
2018-08-25,Sat,1:51,0.47,Low
2018-08-25,Sat,7:50,2.35,High
2018-08-25,Sat,14:05,0.23,Low
2018-08-25,Sat,20:19,2.48,High
2018-08-26,Sun,2:28,0.41,Low
2018-08-26,Sun,8:30,2.41,High
2018-08-26,Sun,14:42,0.22,Low
2018-08-26,Sun,20:56,2.52,High
2018-08-27,Mon,3:04,0.36,Low
2018-08-27,Mon,9:10,2.46,High
2018-08-27,Mon,15:18,0.24,Low
2018-08-27,Mon,21:32,2.53,High
2018-08-28,Tue,3:38,0.32,Low
2018-08-28,Tue,9:49,2.48,High
2018-08-28,Tue,15:53,0.28,Low
2018-08-28,Tue,22:09,2.51,High
2018-08-29,Wed,4:13,0.29,Low
2018-08-29,Wed,10:29,2.48,High
2018-08-29,Wed,16:30,0.34,Low
2018-08-29,Wed,22:45,2.47,High
2018-08-30,Thu,4:50,0.28,Low
2018-08-30,Thu,11:11,2.47,High
2018-08-30,Thu,17:10,0.43,Low
2018-08-30,Thu,23:23,2.42,High
2018-08-31,Fri,5:31,0.28,Low
2018-08-31,Fri,11:55,2.44,High
2018-08-31,Fri,17:55,0.52,Low
2018-09-01,Sat,0:05,2.37,High
2018-09-01,Sat,6:18,0.29,Low
2018-09-01,Sat,12:45,2.41,High
2018-09-01,Sat,18:46,0.62,Low
2018-09-02,Sun,0:52,2.32,High
2018-09-02,Sun,7:13,0.31,Low
2018-09-02,Sun,13:41,2.39,High
2018-09-02,Sun,19:46,0.69,Low
2018-09-03,Mon,1:48,2.3,High
2018-09-03,Mon,8:16,0.31,Low
2018-09-03,Mon,14:45,2.4,High
2018-09-03,Mon,20:54,0.71,Low
2018-09-04,Tue,2:53,2.32,High
2018-09-04,Tue,9:24,0.27,Low
2018-09-04,Tue,15:52,2.45,High
2018-09-04,Tue,22:02,0.65,Low
2018-09-05,Wed,4:03,2.4,High
2018-09-05,Wed,10:31,0.18,Low
2018-09-05,Wed,16:58,2.56,High
2018-09-05,Wed,23:06,0.52,Low
2018-09-06,Thu,5:12,2.54,High
2018-09-06,Thu,11:33,0.06,Low
2018-09-06,Thu,17:59,2.71,High
2018-09-07,Fri,0:05,0.35,Low
2018-09-07,Fri,6:14,2.71,High
2018-09-07,Fri,12:31,-0.05,Low
2018-09-07,Fri,18:54,2.85,High
2018-09-08,Sat,1:00,0.17,Low
2018-09-08,Sat,7:12,2.87,High
2018-09-08,Sat,13:25,-0.12,Low
2018-09-08,Sat,19:45,2.97,High
2018-09-09,Sun,1:52,0.02,Low
2018-09-09,Sun,8:05,3,High
2018-09-09,Sun,14:17,-0.14,Low
2018-09-09,Sun,20:33,3.03,High
2018-09-10,Mon,2:42,-0.08,Low
2018-09-10,Mon,8:56,3.06,High
2018-09-10,Mon,15:07,-0.09,Low
2018-09-10,Mon,21:20,3.03,High
2018-09-11,Tue,3:30,-0.11,Low
2018-09-11,Tue,9:45,3.06,High
2018-09-11,Tue,15:56,0.02,Low
2018-09-11,Tue,22:05,2.97,High
2018-09-12,Wed,4:18,-0.06,Low
2018-09-12,Wed,10:34,2.99,High
2018-09-12,Wed,16:44,0.18,Low
2018-09-12,Wed,22:50,2.85,High
2018-09-13,Thu,5:07,0.05,Low
2018-09-13,Thu,11:22,2.86,High
2018-09-13,Thu,17:34,0.38,Low
2018-09-13,Thu,23:35,2.7,High
2018-09-14,Fri,5:56,0.21,Low
2018-09-14,Fri,12:10,2.7,High
2018-09-14,Fri,18:25,0.58,Low
2018-09-15,Sat,0:22,2.54,High
2018-09-15,Sat,6:49,0.38,Low
2018-09-15,Sat,13:01,2.54,High
2018-09-15,Sat,19:20,0.77,Low
2018-09-16,Sun,1:11,2.4,High
2018-09-16,Sun,7:45,0.54,Low
2018-09-16,Sun,13:55,2.41,High
2018-09-16,Sun,20:18,0.9,Low
2018-09-17,Mon,2:05,2.28,High
2018-09-17,Mon,8:44,0.66,Low
2018-09-17,Mon,14:53,2.32,High
2018-09-17,Mon,21:19,0.98,Low
2018-09-18,Tue,3:03,2.22,High
2018-09-18,Tue,9:44,0.72,Low
2018-09-18,Tue,15:52,2.29,High
2018-09-18,Tue,22:18,0.98,Low
2018-09-19,Wed,4:04,2.22,High
2018-09-19,Wed,10:40,0.72,Low
2018-09-19,Wed,16:49,2.32,High
2018-09-19,Wed,23:11,0.93,Low
2018-09-20,Thu,5:01,2.28,High
2018-09-20,Thu,11:31,0.68,Low
2018-09-20,Thu,17:40,2.4,High
2018-09-20,Thu,23:58,0.84,Low
2018-09-21,Fri,5:52,2.38,High
2018-09-21,Fri,12:16,0.62,Low
2018-09-21,Fri,18:25,2.5,High
2018-09-22,Sat,0:41,0.73,Low
2018-09-22,Sat,6:39,2.49,High
2018-09-22,Sat,12:58,0.55,Low
2018-09-22,Sat,19:06,2.59,High
2018-09-23,Sun,1:20,0.62,Low
2018-09-23,Sun,7:22,2.6,High
2018-09-23,Sun,13:36,0.5,Low
2018-09-23,Sun,19:45,2.67,High
2018-09-24,Mon,1:56,0.51,Low
2018-09-24,Mon,8:03,2.7,High
2018-09-24,Mon,14:13,0.46,Low
2018-09-24,Mon,20:23,2.72,High
2018-09-25,Tue,2:31,0.42,Low
2018-09-25,Tue,8:44,2.77,High
2018-09-25,Tue,14:50,0.45,Low
2018-09-25,Tue,21:00,2.74,High
2018-09-26,Wed,3:06,0.35,Low
2018-09-26,Wed,9:24,2.81,High
2018-09-26,Wed,15:27,0.47,Low
2018-09-26,Wed,21:38,2.73,High
2018-09-27,Thu,3:43,0.31,Low
2018-09-27,Thu,10:05,2.82,High
2018-09-27,Thu,16:06,0.52,Low
2018-09-27,Thu,22:17,2.69,High
2018-09-28,Fri,4:22,0.3,Low
2018-09-28,Fri,10:49,2.8,High
2018-09-28,Fri,16:48,0.59,Low
2018-09-28,Fri,22:58,2.64,High
2018-09-29,Sat,5:06,0.32,Low
2018-09-29,Sat,11:35,2.75,High
2018-09-29,Sat,17:34,0.69,Low
2018-09-29,Sat,23:43,2.58,High
2018-09-30,Sun,5:55,0.38,Low
2018-09-30,Sun,12:27,2.69,High
2018-09-30,Sun,18:28,0.78,Low
2018-10-01,Mon,0:35,2.53,High
2018-10-01,Mon,6:53,0.44,Low
2018-10-01,Mon,13:25,2.63,High
2018-10-01,Mon,19:31,0.85,Low
2018-10-02,Tue,1:35,2.49,High
2018-10-02,Tue,7:59,0.49,Low
2018-10-02,Tue,14:29,2.61,High
2018-10-02,Tue,20:40,0.85,Low
2018-10-03,Wed,2:44,2.51,High
2018-10-03,Wed,9:10,0.48,Low
2018-10-03,Wed,15:36,2.65,High
2018-10-03,Wed,21:49,0.77,Low
2018-10-04,Thu,3:55,2.59,High
2018-10-04,Thu,10:18,0.43,Low
2018-10-04,Thu,16:41,2.73,High
2018-10-04,Thu,22:53,0.61,Low
2018-10-05,Fri,5:02,2.73,High
2018-10-05,Fri,11:21,0.34,Low
2018-10-05,Fri,17:40,2.85,High
2018-10-05,Fri,23:51,0.42,Low
2018-10-06,Sat,6:03,2.9,High
2018-10-06,Sat,12:17,0.25,Low
2018-10-06,Sat,18:33,2.96,High
2018-10-07,Sun,0:43,0.24,Low
2018-10-07,Sun,6:59,3.05,High
2018-10-07,Sun,13:10,0.18,Low
2018-10-07,Sun,19:23,3.05,High
2018-10-08,Mon,1:33,0.1,Low
2018-10-08,Mon,7:50,3.15,High
2018-10-08,Mon,13:59,0.17,Low
2018-10-08,Mon,20:09,3.08,High
2018-10-09,Tue,2:20,0.02,Low
2018-10-09,Tue,8:38,3.19,High
2018-10-09,Tue,14:46,0.21,Low
2018-10-09,Tue,20:54,3.06,High
2018-10-10,Wed,3:06,0.01,Low
2018-10-10,Wed,9:24,3.16,High
2018-10-10,Wed,15:32,0.3,Low
2018-10-10,Wed,21:37,2.98,High
2018-10-11,Thu,3:51,0.08,Low
2018-10-11,Thu,10:09,3.07,High
2018-10-11,Thu,16:18,0.44,Low
2018-10-11,Thu,22:20,2.86,High
2018-10-12,Fri,4:36,0.21,Low
2018-10-12,Fri,10:53,2.94,High
2018-10-12,Fri,17:04,0.6,Low
2018-10-12,Fri,23:02,2.72,High
2018-10-13,Sat,5:21,0.38,Low
2018-10-13,Sat,11:38,2.78,High
2018-10-13,Sat,17:51,0.78,Low
2018-10-13,Sat,23:46,2.57,High
2018-10-14,Sun,6:10,0.56,Low
2018-10-14,Sun,12:24,2.62,High
2018-10-14,Sun,18:43,0.93,Low
2018-10-15,Mon,0:33,2.43,High
2018-10-15,Mon,7:03,0.73,Low
2018-10-15,Mon,13:14,2.48,High
2018-10-15,Mon,19:39,1.05,Low
2018-10-16,Tue,1:25,2.32,High
2018-10-16,Tue,8:01,0.85,Low
2018-10-16,Tue,14:08,2.38,High
2018-10-16,Tue,20:40,1.11,Low
2018-10-17,Wed,2:22,2.26,High
2018-10-17,Wed,9:02,0.92,Low
2018-10-17,Wed,15:05,2.35,High
2018-10-17,Wed,21:40,1.09,Low
2018-10-18,Thu,3:23,2.26,High
2018-10-18,Thu,10:00,0.92,Low
2018-10-18,Thu,16:02,2.37,High
2018-10-18,Thu,22:34,1.01,Low
2018-10-19,Fri,4:23,2.32,High
2018-10-19,Fri,10:53,0.87,Low
2018-10-19,Fri,16:55,2.43,High
2018-10-19,Fri,23:22,0.89,Low
2018-10-20,Sat,5:17,2.43,High
2018-10-20,Sat,11:41,0.8,Low
2018-10-20,Sat,17:42,2.52,High
2018-10-21,Sun,0:04,0.74,Low
2018-10-21,Sun,6:06,2.56,High
2018-10-21,Sun,12:24,0.71,Low
2018-10-21,Sun,18:26,2.61,High
2018-10-22,Mon,0:44,0.59,Low
2018-10-22,Mon,6:52,2.69,High
2018-10-22,Mon,13:04,0.62,Low
2018-10-22,Mon,19:08,2.69,High
2018-10-23,Tue,1:21,0.45,Low
2018-10-23,Tue,7:35,2.81,High
2018-10-23,Tue,13:43,0.55,Low
2018-10-23,Tue,19:48,2.75,High
2018-10-24,Wed,1:58,0.32,Low
2018-10-24,Wed,8:17,2.91,High
2018-10-24,Wed,14:22,0.5,Low
2018-10-24,Wed,20:29,2.78,High
2018-10-25,Thu,2:36,0.22,Low
2018-10-25,Thu,9:00,2.96,High
2018-10-25,Thu,15:02,0.49,Low
2018-10-25,Thu,21:09,2.79,High
2018-10-26,Fri,3:17,0.16,Low
2018-10-26,Fri,9:44,2.98,High
2018-10-26,Fri,15:44,0.51,Low
2018-10-26,Fri,21:52,2.76,High
2018-10-27,Sat,4:00,0.15,Low
2018-10-27,Sat,10:30,2.94,High
2018-10-27,Sat,16:29,0.56,Low
2018-10-27,Sat,22:37,2.71,High
2018-10-28,Sun,4:47,0.19,Low
2018-10-28,Sun,11:19,2.88,High
2018-10-28,Sun,17:19,0.64,Low
2018-10-28,Sun,23:27,2.65,High
2018-10-29,Mon,5:40,0.28,Low
2018-10-29,Mon,12:12,2.8,High
2018-10-29,Mon,18:16,0.71,Low
2018-10-30,Tue,0:24,2.59,High
2018-10-30,Tue,6:40,0.38,Low
2018-10-30,Tue,13:11,2.72,High
2018-10-30,Tue,19:20,0.75,Low
2018-10-31,Wed,1:27,2.55,High
2018-10-31,Wed,7:47,0.46,Low
2018-10-31,Wed,14:13,2.67,High
2018-10-31,Wed,20:29,0.73,Low
2018-11-01,Thu,2:36,2.55,High
2018-11-01,Thu,8:58,0.5,Low
2018-11-01,Thu,15:18,2.67,High
2018-11-01,Thu,21:37,0.63,Low
2018-11-02,Fri,3:45,2.62,High
2018-11-02,Fri,10:05,0.48,Low
2018-11-02,Fri,16:20,2.71,High
2018-11-02,Fri,22:39,0.47,Low
2018-11-03,Sat,4:51,2.73,High
2018-11-03,Sat,11:06,0.42,Low
2018-11-03,Sat,17:18,2.78,High
2018-11-03,Sat,23:34,0.3,Low
2018-11-04,Sun,4:50,2.86,High
2018-11-04,Sun,11:02,0.36,Low
2018-11-04,Sun,17:11,2.84,High
2018-11-04,Sun,23:25,0.14,Low
2018-11-05,Mon,5:44,2.97,High
2018-11-05,Mon,11:53,0.32,Low
2018-11-05,Mon,18:00,2.88,High
2018-11-06,Tue,0:13,0.03,Low
2018-11-06,Tue,6:33,3.03,High
2018-11-06,Tue,12:40,0.3,Low
2018-11-06,Tue,18:45,2.88,High
2018-11-07,Wed,0:58,-0.02,Low
2018-11-07,Wed,7:19,3.04,High
2018-11-07,Wed,13:26,0.32,Low
2018-11-07,Wed,19:29,2.85,High
2018-11-08,Thu,1:42,0,Low
2018-11-08,Thu,8:02,3,High
2018-11-08,Thu,14:09,0.38,Low
2018-11-08,Thu,20:10,2.77,High
2018-11-09,Fri,2:24,0.07,Low
2018-11-09,Fri,8:44,2.91,High
2018-11-09,Fri,14:52,0.48,Low
2018-11-09,Fri,20:51,2.67,High
2018-11-10,Sat,3:07,0.18,Low
2018-11-10,Sat,9:26,2.79,High
2018-11-10,Sat,15:35,0.59,Low
2018-11-10,Sat,21:32,2.55,High
2018-11-11,Sun,3:49,0.33,Low
2018-11-11,Sun,10:07,2.65,High
2018-11-11,Sun,16:19,0.71,Low
2018-11-11,Sun,22:13,2.42,High
2018-11-12,Mon,4:33,0.48,Low
2018-11-12,Mon,10:50,2.52,High
2018-11-12,Mon,17:06,0.83,Low
2018-11-12,Mon,22:58,2.31,High
2018-11-13,Tue,5:21,0.63,Low
2018-11-13,Tue,11:35,2.4,High
2018-11-13,Tue,17:58,0.91,Low
2018-11-13,Tue,23:46,2.21,High
2018-11-14,Wed,6:14,0.75,Low
2018-11-14,Wed,12:24,2.3,High
2018-11-14,Wed,18:54,0.95,Low
2018-11-15,Thu,0:40,2.14,High
2018-11-15,Thu,7:11,0.83,Low
2018-11-15,Thu,13:16,2.25,High
2018-11-15,Thu,19:53,0.92,Low
2018-11-16,Fri,1:39,2.13,High
2018-11-16,Fri,8:11,0.85,Low
2018-11-16,Fri,14:10,2.24,High
2018-11-16,Fri,20:48,0.84,Low
2018-11-17,Sat,2:40,2.17,High
2018-11-17,Sat,9:07,0.82,Low
2018-11-17,Sat,15:04,2.27,High
2018-11-17,Sat,21:37,0.71,Low
2018-11-18,Sun,3:37,2.27,High
2018-11-18,Sun,9:58,0.75,Low
2018-11-18,Sun,15:55,2.33,High
2018-11-18,Sun,22:22,0.54,Low
2018-11-19,Mon,4:30,2.4,High
2018-11-19,Mon,10:45,0.65,Low
2018-11-19,Mon,16:43,2.41,High
2018-11-19,Mon,23:04,0.36,Low
2018-11-20,Tue,5:19,2.54,High
2018-11-20,Tue,11:29,0.54,Low
2018-11-20,Tue,17:29,2.49,High
2018-11-20,Tue,23:46,0.18,Low
2018-11-21,Wed,6:06,2.68,High
2018-11-21,Wed,12:12,0.43,Low
2018-11-21,Wed,18:14,2.56,High
2018-11-22,Thu,0:27,0.02,Low
2018-11-22,Thu,6:52,2.8,High
2018-11-22,Thu,12:56,0.35,Low
2018-11-22,Thu,18:59,2.62,High
2018-11-23,Fri,1:10,-0.1,Low
2018-11-23,Fri,7:38,2.87,High
2018-11-23,Fri,13:40,0.29,Low
2018-11-23,Fri,19:45,2.65,High
2018-11-24,Sat,1:55,-0.17,Low
2018-11-24,Sat,8:25,2.89,High
2018-11-24,Sat,14:26,0.27,Low
2018-11-24,Sat,20:32,2.65,High
2018-11-25,Sun,2:42,-0.19,Low
2018-11-25,Sun,9:14,2.87,High
2018-11-25,Sun,15:14,0.28,Low
2018-11-25,Sun,21:22,2.63,High
2018-11-26,Mon,3:33,-0.14,Low
2018-11-26,Mon,10:04,2.81,High
2018-11-26,Mon,16:07,0.32,Low
2018-11-26,Mon,22:16,2.57,High
2018-11-27,Tue,4:28,-0.04,Low
2018-11-27,Tue,10:57,2.73,High
2018-11-27,Tue,17:05,0.35,Low
2018-11-27,Tue,23:13,2.51,High
2018-11-28,Wed,5:28,0.09,Low
2018-11-28,Wed,11:54,2.63,High
2018-11-28,Wed,18:08,0.37,Low
2018-11-29,Thu,0:16,2.45,High
2018-11-29,Thu,6:34,0.21,Low
2018-11-29,Thu,12:53,2.55,High
2018-11-29,Thu,19:14,0.34,Low
2018-11-30,Fri,1:22,2.42,High
2018-11-30,Fri,7:41,0.3,Low
2018-11-30,Fri,13:54,2.5,High
2018-11-30,Fri,20:19,0.26,Low
2018-12-01,Sat,2:30,2.44,High
2018-12-01,Sat,8:47,0.33,Low
2018-12-01,Sat,14:55,2.48,High
2018-12-01,Sat,21:20,0.15,Low
2018-12-02,Sun,3:34,2.5,High
2018-12-02,Sun,9:48,0.32,Low
2018-12-02,Sun,15:53,2.48,High
2018-12-02,Sun,22:15,0.03,Low
2018-12-03,Mon,4:34,2.58,High
2018-12-03,Mon,10:44,0.3,Low
2018-12-03,Mon,16:47,2.49,High
2018-12-03,Mon,23:06,-0.07,Low
2018-12-04,Tue,5:27,2.64,High
2018-12-04,Tue,11:34,0.27,Low
2018-12-04,Tue,17:37,2.5,High
2018-12-04,Tue,23:53,-0.14,Low
2018-12-05,Wed,6:15,2.68,High
2018-12-05,Wed,12:21,0.25,Low
2018-12-05,Wed,18:23,2.49,High
2018-12-06,Thu,0:37,-0.16,Low
2018-12-06,Thu,7:00,2.68,High
2018-12-06,Thu,13:06,0.25,Low
2018-12-06,Thu,19:06,2.46,High
2018-12-07,Fri,1:20,-0.15,Low
2018-12-07,Fri,7:42,2.64,High
2018-12-07,Fri,13:48,0.27,Low
2018-12-07,Fri,19:46,2.41,High
2018-12-08,Sat,2:01,-0.1,Low
2018-12-08,Sat,8:22,2.58,High
2018-12-08,Sat,14:29,0.31,Low
2018-12-08,Sat,20:26,2.35,High
2018-12-09,Sun,2:42,-0.02,Low
2018-12-09,Sun,9:01,2.49,High
2018-12-09,Sun,15:10,0.37,Low
2018-12-09,Sun,21:05,2.27,High
2018-12-10,Mon,3:22,0.08,Low
2018-12-10,Mon,9:39,2.4,High
2018-12-10,Mon,15:51,0.43,Low
2018-12-10,Mon,21:45,2.17,High
2018-12-11,Tue,4:02,0.2,Low
2018-12-11,Tue,10:19,2.3,High
2018-12-11,Tue,16:33,0.5,Low
2018-12-11,Tue,22:27,2.08,High
2018-12-12,Wed,4:43,0.32,Low
2018-12-12,Wed,11:00,2.2,High
2018-12-12,Wed,17:18,0.55,Low
2018-12-12,Wed,23:12,2,High
2018-12-13,Thu,5:28,0.43,Low
2018-12-13,Thu,11:42,2.12,High
2018-12-13,Thu,18:06,0.57,Low
2018-12-14,Fri,0:01,1.94,High
2018-12-14,Fri,6:18,0.52,Low
2018-12-14,Fri,12:28,2.05,High
2018-12-14,Fri,18:58,0.55,Low
2018-12-15,Sat,0:55,1.91,High
2018-12-15,Sat,7:14,0.57,Low
2018-12-15,Sat,13:18,2.01,High
2018-12-15,Sat,19:52,0.49,Low
2018-12-16,Sun,1:53,1.93,High
2018-12-16,Sun,8:12,0.58,Low
2018-12-16,Sun,14:10,2,High
2018-12-16,Sun,20:45,0.37,Low
2018-12-17,Mon,2:53,2,High
2018-12-17,Mon,9:09,0.54,Low
2018-12-17,Mon,15:05,2.02,High
2018-12-17,Mon,21:35,0.22,Low
2018-12-18,Tue,3:51,2.11,High
2018-12-18,Tue,10:03,0.45,Low
2018-12-18,Tue,15:59,2.08,High
2018-12-18,Tue,22:24,0.04,Low
2018-12-19,Wed,4:46,2.25,High
2018-12-19,Wed,10:54,0.33,Low
2018-12-19,Wed,16:52,2.17,High
2018-12-19,Wed,23:12,-0.16,Low
2018-12-20,Thu,5:38,2.4,High
2018-12-20,Thu,11:43,0.2,Low
2018-12-20,Thu,17:44,2.27,High
2018-12-21,Fri,0:00,-0.33,Low
2018-12-21,Fri,6:29,2.53,High
2018-12-21,Fri,12:31,0.08,Low
2018-12-21,Fri,18:35,2.36,High
2018-12-22,Sat,0:49,-0.48,Low
2018-12-22,Sat,7:18,2.63,High
2018-12-22,Sat,13:20,-0.02,Low
2018-12-22,Sat,19:25,2.44,High
2018-12-23,Sun,1:38,-0.56,Low
2018-12-23,Sun,8:08,2.69,High
2018-12-23,Sun,14:09,-0.1,Low
2018-12-23,Sun,20:17,2.49,High
2018-12-24,Mon,2:28,-0.58,Low
2018-12-24,Mon,8:57,2.7,High
2018-12-24,Mon,15:00,-0.14,Low
2018-12-24,Mon,21:09,2.49,High
2018-12-25,Tue,3:21,-0.53,Low
2018-12-25,Tue,9:48,2.66,High
2018-12-25,Tue,15:54,-0.15,Low
2018-12-25,Tue,22:03,2.46,High
2018-12-26,Wed,4:16,-0.42,Low
2018-12-26,Wed,10:39,2.58,High
2018-12-26,Wed,16:50,-0.14,Low
2018-12-26,Wed,23:00,2.39,High
2018-12-27,Thu,5:14,-0.26,Low
2018-12-27,Thu,11:33,2.47,High
2018-12-27,Thu,17:50,-0.12,Low
2018-12-28,Fri,0:00,2.31,High
2018-12-28,Fri,6:16,-0.1,Low
2018-12-28,Fri,12:28,2.35,High
2018-12-28,Fri,18:52,-0.11,Low
2018-12-29,Sat,1:03,2.24,High
2018-12-29,Sat,7:20,0.04,Low
2018-12-29,Sat,13:26,2.24,High
2018-12-29,Sat,19:55,-0.12,Low
2018-12-30,Sun,2:08,2.19,High
2018-12-30,Sun,8:24,0.13,Low
2018-12-30,Sun,14:26,2.16,High
2018-12-30,Sun,20:55,-0.15,Low
2018-12-31,Mon,3:12,2.18,High
2018-12-31,Mon,9:26,0.18,Low
2018-12-31,Mon,15:25,2.11,High
2018-12-31,Mon,21:52,-0.19,Low
2019-01-01,Tue,4:13,2.19,High
2019-01-01,Tue,10:22,0.2,Low
2019-01-01,Tue,16:21,2.07,High
2019-01-01,Tue,22:44,-0.23,Low
2019-01-02,Wed,5:08,2.22,High
2019-01-02,Wed,11:14,0.19,Low
2019-01-02,Wed,17:13,2.07,High
2019-01-02,Wed,23:32,-0.26,Low
2019-01-03,Thu,5:57,2.24,High
2019-01-03,Thu,12:02,0.17,Low
2019-01-03,Thu,18:00,2.07,High
2019-01-04,Fri,0:18,-0.28,Low
2019-01-04,Fri,6:41,2.25,High
2019-01-04,Fri,12:46,0.14,Low
2019-01-04,Fri,18:44,2.07,High
2019-01-05,Sat,1:00,-0.28,Low
2019-01-05,Sat,7:22,2.24,High
2019-01-05,Sat,13:28,0.13,Low
2019-01-05,Sat,19:25,2.06,High
2019-01-06,Sun,1:41,-0.26,Low
2019-01-06,Sun,8:01,2.22,High
2019-01-06,Sun,14:08,0.12,Low
2019-01-06,Sun,20:04,2.04,High
2019-01-07,Mon,2:20,-0.22,Low
2019-01-07,Mon,8:38,2.19,High
2019-01-07,Mon,14:47,0.13,Low
2019-01-07,Mon,20:43,2.01,High
2019-01-08,Tue,2:58,-0.16,Low
2019-01-08,Tue,9:15,2.15,High
2019-01-08,Tue,15:25,0.14,Low
2019-01-08,Tue,21:22,1.96,High
2019-01-09,Wed,3:35,-0.08,Low
2019-01-09,Wed,9:51,2.08,High
2019-01-09,Wed,16:03,0.17,Low
2019-01-09,Wed,22:01,1.9,High
2019-01-10,Thu,4:12,0.02,Low
2019-01-10,Thu,10:28,2.01,High
2019-01-10,Thu,16:41,0.18,Low
2019-01-10,Thu,22:43,1.84,High
2019-01-11,Fri,4:51,0.12,Low
2019-01-11,Fri,11:07,1.94,High
2019-01-11,Fri,17:22,0.19,Low
2019-01-11,Fri,23:28,1.79,High
2019-01-12,Sat,5:34,0.21,Low
2019-01-12,Sat,11:47,1.86,High
2019-01-12,Sat,18:07,0.18,Low
2019-01-13,Sun,0:16,1.76,High
2019-01-13,Sun,6:24,0.29,Low
2019-01-13,Sun,12:31,1.8,High
2019-01-13,Sun,18:57,0.14,Low
2019-01-14,Mon,1:11,1.75,High
2019-01-14,Mon,7:21,0.34,Low
2019-01-14,Mon,13:21,1.76,High
2019-01-14,Mon,19:52,0.07,Low
2019-01-15,Tue,2:11,1.79,High
2019-01-15,Tue,8:22,0.35,Low
2019-01-15,Tue,14:17,1.76,High
2019-01-15,Tue,20:50,-0.05,Low
2019-01-16,Wed,3:14,1.88,High
2019-01-16,Wed,9:24,0.29,Low
2019-01-16,Wed,15:18,1.81,High
2019-01-16,Wed,21:48,-0.2,Low
2019-01-17,Thu,4:16,2,High
2019-01-17,Thu,10:22,0.18,Low
2019-01-17,Thu,16:20,1.9,High
2019-01-17,Thu,22:44,-0.39,Low
2019-01-18,Fri,5:14,2.15,High
2019-01-18,Fri,11:18,0.04,Low
2019-01-18,Fri,17:19,2.04,High
2019-01-18,Fri,23:39,-0.56,Low
2019-01-19,Sat,6:09,2.31,High
2019-01-19,Sat,12:11,-0.11,Low
2019-01-19,Sat,18:15,2.18,High
2019-01-20,Sun,0:32,-0.71,Low
2019-01-20,Sun,7:01,2.44,High
2019-01-20,Sun,13:03,-0.27,Low
2019-01-20,Sun,19:10,2.31,High
2019-01-21,Mon,1:24,-0.81,Low
2019-01-21,Mon,7:51,2.54,High
2019-01-21,Mon,13:55,-0.39,Low
2019-01-21,Mon,20:03,2.4,High
2019-01-22,Tue,2:16,-0.83,Low
2019-01-22,Tue,8:41,2.58,High
2019-01-22,Tue,14:46,-0.48,Low
2019-01-22,Tue,20:56,2.44,High
2019-01-23,Wed,3:08,-0.78,Low
2019-01-23,Wed,9:29,2.56,High
2019-01-23,Wed,15:39,-0.52,Low
2019-01-23,Wed,21:49,2.42,High
2019-01-24,Thu,4:01,-0.65,Low
2019-01-24,Thu,10:18,2.48,High
2019-01-24,Thu,16:32,-0.52,Low
2019-01-24,Thu,22:43,2.35,High
2019-01-25,Fri,4:56,-0.47,Low
2019-01-25,Fri,11:08,2.36,High
2019-01-25,Fri,17:28,-0.47,Low
2019-01-25,Fri,23:39,2.24,High
2019-01-26,Sat,5:53,-0.27,Low
2019-01-26,Sat,12:00,2.21,High
2019-01-26,Sat,18:26,-0.39,Low
2019-01-27,Sun,0:37,2.12,High
2019-01-27,Sun,6:54,-0.08,Low
2019-01-27,Sun,12:54,2.05,High
2019-01-27,Sun,19:25,-0.32,Low
2019-01-28,Mon,1:39,2.01,High
2019-01-28,Mon,7:56,0.07,Low
2019-01-28,Mon,13:52,1.92,High
2019-01-28,Mon,20:26,-0.25,Low
2019-01-29,Tue,2:43,1.93,High
2019-01-29,Tue,8:58,0.17,Low
2019-01-29,Tue,14:53,1.82,High
2019-01-29,Tue,21:25,-0.21,Low
2019-01-30,Wed,3:46,1.9,High
2019-01-30,Wed,9:57,0.2,Low
2019-01-30,Wed,15:53,1.79,High
2019-01-30,Wed,22:20,-0.21,Low
2019-01-31,Thu,4:45,1.91,High
2019-01-31,Thu,10:52,0.2,Low
2019-01-31,Thu,16:49,1.79,High
2019-01-31,Thu,23:11,-0.23,Low
2019-02-01,Fri,5:36,1.94,High
2019-02-01,Fri,11:41,0.16,Low
2019-02-01,Fri,17:39,1.83,High
2019-02-01,Fri,23:58,-0.25,Low
2019-02-02,Sat,6:20,1.99,High
2019-02-02,Sat,12:26,0.1,Low
2019-02-02,Sat,18:24,1.87,High
2019-02-03,Sun,0:41,-0.28,Low
2019-02-03,Sun,7:01,2.03,High
2019-02-03,Sun,13:08,0.05,Low
2019-02-03,Sun,19:05,1.91,High
2019-02-04,Mon,1:22,-0.29,Low
2019-02-04,Mon,7:38,2.06,High
2019-02-04,Mon,13:47,-0.01,Low
2019-02-04,Mon,19:44,1.94,High
2019-02-05,Tue,1:59,-0.29,Low
2019-02-05,Tue,8:14,2.08,High
2019-02-05,Tue,14:23,-0.04,Low
2019-02-05,Tue,20:22,1.96,High
2019-02-06,Wed,2:35,-0.26,Low
2019-02-06,Wed,8:49,2.07,High
2019-02-06,Wed,14:59,-0.07,Low
2019-02-06,Wed,21:00,1.95,High
2019-02-07,Thu,3:10,-0.2,Low
2019-02-07,Thu,9:23,2.04,High
2019-02-07,Thu,15:33,-0.07,Low
2019-02-07,Thu,21:38,1.93,High
2019-02-08,Fri,3:44,-0.13,Low
2019-02-08,Fri,9:58,1.99,High
2019-02-08,Fri,16:07,-0.07,Low
2019-02-08,Fri,22:17,1.89,High
2019-02-09,Sat,4:20,-0.04,Low
2019-02-09,Sat,10:33,1.92,High
2019-02-09,Sat,16:43,-0.07,Low
2019-02-09,Sat,22:58,1.85,High
2019-02-10,Sun,4:59,0.06,Low
2019-02-10,Sun,11:10,1.84,High
2019-02-10,Sun,17:23,-0.07,Low
2019-02-10,Sun,23:42,1.81,High
2019-02-11,Mon,5:44,0.15,Low
2019-02-11,Mon,11:51,1.78,High
2019-02-11,Mon,18:11,-0.07,Low
2019-02-12,Tue,0:34,1.78,High
2019-02-12,Tue,6:38,0.24,Low
2019-02-12,Tue,12:38,1.73,High
2019-02-12,Tue,19:08,-0.09,Low
2019-02-13,Wed,1:33,1.78,High
2019-02-13,Wed,7:41,0.28,Low
2019-02-13,Wed,13:37,1.71,High
2019-02-13,Wed,20:11,-0.14,Low
2019-02-14,Thu,2:40,1.82,High
2019-02-14,Thu,8:49,0.26,Low
2019-02-14,Thu,14:44,1.75,High
2019-02-14,Thu,21:17,-0.25,Low
2019-02-15,Fri,3:48,1.92,High
2019-02-15,Fri,9:54,0.16,Low
2019-02-15,Fri,15:54,1.85,High
2019-02-15,Fri,22:21,-0.4,Low
2019-02-16,Sat,4:52,2.08,High
2019-02-16,Sat,10:55,0,Low
2019-02-16,Sat,17:00,2.01,High
2019-02-16,Sat,23:20,-0.56,Low
2019-02-17,Sun,5:49,2.25,High
2019-02-17,Sun,11:52,-0.19,Low
2019-02-17,Sun,18:00,2.2,High
2019-02-18,Mon,0:16,-0.7,Low
2019-02-18,Mon,6:42,2.41,High
2019-02-18,Mon,12:46,-0.39,Low
2019-02-18,Mon,18:56,2.37,High
2019-02-19,Tue,1:09,-0.8,Low
2019-02-19,Tue,7:32,2.52,High
2019-02-19,Tue,13:37,-0.55,Low
2019-02-19,Tue,19:49,2.5,High
2019-02-20,Wed,2:01,-0.82,Low
2019-02-20,Wed,8:20,2.58,High
2019-02-20,Wed,14:28,-0.67,Low
2019-02-20,Wed,20:40,2.56,High
2019-02-21,Thu,2:52,-0.76,Low
2019-02-21,Thu,9:06,2.57,High
2019-02-21,Thu,15:18,-0.71,Low
2019-02-21,Thu,21:31,2.54,High
2019-02-22,Fri,3:43,-0.63,Low
2019-02-22,Fri,9:53,2.49,High
2019-02-22,Fri,16:09,-0.67,Low
2019-02-22,Fri,22:22,2.45,High
2019-02-23,Sat,4:34,-0.44,Low
2019-02-23,Sat,10:40,2.35,High
2019-02-23,Sat,17:00,-0.57,Low
2019-02-23,Sat,23:14,2.31,High
2019-02-24,Sun,5:28,-0.22,Low
2019-02-24,Sun,11:29,2.18,High
2019-02-24,Sun,17:55,-0.42,Low
2019-02-25,Mon,0:08,2.14,High
2019-02-25,Mon,6:24,-0.01,Low
2019-02-25,Mon,12:21,2,High
2019-02-25,Mon,18:52,-0.26,Low
2019-02-26,Tue,1:06,1.98,High
2019-02-26,Tue,7:24,0.17,Low
2019-02-26,Tue,13:16,1.85,High
2019-02-26,Tue,19:52,-0.12,Low
2019-02-27,Wed,2:08,1.86,High
2019-02-27,Wed,8:27,0.29,Low
2019-02-27,Wed,14:17,1.74,High
2019-02-27,Wed,20:54,-0.03,Low
2019-02-28,Thu,3:13,1.79,High
2019-02-28,Thu,9:29,0.34,Low
2019-02-28,Thu,15:21,1.7,High
2019-02-28,Thu,21:53,0,Low
2019-03-01,Fri,4:14,1.8,High
2019-03-01,Fri,10:26,0.33,Low
2019-03-01,Fri,16:21,1.72,High
2019-03-01,Fri,22:47,-0.02,Low
2019-03-02,Sat,5:07,1.85,High
2019-03-02,Sat,11:17,0.27,Low
2019-03-02,Sat,17:14,1.79,High
2019-03-02,Sat,23:36,-0.06,Low
2019-03-03,Sun,5:53,1.92,High
2019-03-03,Sun,12:02,0.18,Low
2019-03-03,Sun,18:00,1.87,High
2019-03-04,Mon,0:19,-0.11,Low
2019-03-04,Mon,6:33,2,High
2019-03-04,Mon,12:43,0.09,Low
2019-03-04,Mon,18:42,1.96,High
2019-03-05,Tue,0:59,-0.15,Low
2019-03-05,Tue,7:10,2.07,High
2019-03-05,Tue,13:21,0,Low
2019-03-05,Tue,19:21,2.04,High
2019-03-06,Wed,1:36,-0.17,Low
2019-03-06,Wed,7:45,2.12,High
2019-03-06,Wed,13:56,-0.07,Low
2019-03-06,Wed,19:59,2.09,High
2019-03-07,Thu,2:11,-0.16,Low
2019-03-07,Thu,8:20,2.14,High
2019-03-07,Thu,14:29,-0.12,Low
2019-03-07,Thu,20:37,2.12,High
2019-03-08,Fri,2:45,-0.13,Low
2019-03-08,Fri,8:54,2.13,High
2019-03-08,Fri,15:02,-0.15,Low
2019-03-08,Fri,21:14,2.12,High
2019-03-09,Sat,3:18,-0.07,Low
2019-03-09,Sat,9:28,2.08,High
2019-03-09,Sat,15:35,-0.16,Low
2019-03-09,Sat,21:52,2.1,High
2019-03-10,Sun,4:54,0,Low
2019-03-10,Sun,11:03,2.02,High
2019-03-10,Sun,17:11,-0.16,Low
2019-03-10,Sun,23:33,2.06,High
2019-03-11,Mon,5:32,0.09,Low
2019-03-11,Mon,11:40,1.95,High
2019-03-11,Mon,17:51,-0.14,Low
2019-03-12,Tue,0:17,2.01,High
2019-03-12,Tue,6:17,0.19,Low
2019-03-12,Tue,12:21,1.89,High
2019-03-12,Tue,18:39,-0.11,Low
2019-03-13,Wed,1:07,1.96,High
2019-03-13,Wed,7:10,0.28,Low
2019-03-13,Wed,13:10,1.84,High
2019-03-13,Wed,19:37,-0.07,Low
2019-03-14,Thu,2:07,1.92,High
2019-03-14,Thu,8:14,0.34,Low
2019-03-14,Thu,14:12,1.82,High
2019-03-14,Thu,20:44,-0.07,Low
2019-03-15,Fri,3:15,1.93,High
2019-03-15,Fri,9:24,0.33,Low
2019-03-15,Fri,15:23,1.85,High
2019-03-15,Fri,21:55,-0.13,Low
2019-03-16,Sat,4:25,2.01,High
2019-03-16,Sat,10:33,0.22,Low
2019-03-16,Sat,16:37,1.97,High
2019-03-16,Sat,23:02,-0.24,Low
2019-03-17,Sun,5:29,2.15,High
2019-03-17,Sun,11:36,0.04,Low
2019-03-17,Sun,17:45,2.15,High
2019-03-18,Mon,0:03,-0.38,Low
2019-03-18,Mon,6:27,2.32,High
2019-03-18,Mon,12:34,-0.18,Low
2019-03-18,Mon,18:46,2.35,High
2019-03-19,Tue,1:00,-0.5,Low
2019-03-19,Tue,7:20,2.47,High
2019-03-19,Tue,13:27,-0.4,Low
2019-03-19,Tue,19:41,2.53,High
2019-03-20,Wed,1:53,-0.58,Low
2019-03-20,Wed,8:09,2.58,High
2019-03-20,Wed,14:18,-0.57,Low
2019-03-20,Wed,20:33,2.66,High
2019-03-21,Thu,2:44,-0.59,Low
2019-03-21,Thu,8:56,2.63,High
2019-03-21,Thu,15:07,-0.67,Low
2019-03-21,Thu,21:23,2.71,High
2019-03-22,Fri,3:33,-0.54,Low
2019-03-22,Fri,9:42,2.61,High
2019-03-22,Fri,15:55,-0.68,Low
2019-03-22,Fri,22:11,2.68,High
2019-03-23,Sat,4:21,-0.41,Low
2019-03-23,Sat,10:27,2.53,High
2019-03-23,Sat,16:43,-0.6,Low
2019-03-23,Sat,22:59,2.58,High
2019-03-24,Sun,5:10,-0.24,Low
2019-03-24,Sun,11:12,2.39,High
2019-03-24,Sun,17:32,-0.46,Low
2019-03-24,Sun,23:48,2.42,High
2019-03-25,Mon,6:01,-0.04,Low
2019-03-25,Mon,11:59,2.22,High
2019-03-25,Mon,18:23,-0.27,Low
2019-03-26,Tue,0:38,2.23,High
2019-03-26,Tue,6:54,0.17,Low
2019-03-26,Tue,12:48,2.04,High
2019-03-26,Tue,19:17,-0.07,Low
2019-03-27,Wed,1:31,2.05,High
2019-03-27,Wed,7:51,0.35,Low
2019-03-27,Wed,13:40,1.89,High
2019-03-27,Wed,20:16,0.1,Low
2019-03-28,Thu,2:29,1.91,High
2019-03-28,Thu,8:53,0.47,Low
2019-03-28,Thu,14:40,1.78,High
2019-03-28,Thu,21:19,0.22,Low
2019-03-29,Fri,3:31,1.83,High
2019-03-29,Fri,9:55,0.51,Low
2019-03-29,Fri,15:43,1.74,High
2019-03-29,Fri,22:20,0.26,Low
2019-03-30,Sat,4:33,1.82,High
2019-03-30,Sat,10:54,0.48,Low
2019-03-30,Sat,16:46,1.77,High
2019-03-30,Sat,23:16,0.25,Low
2019-03-31,Sun,5:28,1.87,High
2019-03-31,Sun,11:46,0.4,Low
2019-03-31,Sun,17:42,1.85,High
2019-04-01,Mon,0:05,0.2,Low
2019-04-01,Mon,6:15,1.96,High
2019-04-01,Mon,12:31,0.29,Low
2019-04-01,Mon,18:30,1.96,High
2019-04-02,Tue,0:50,0.14,Low
2019-04-02,Tue,6:56,2.05,High
2019-04-02,Tue,13:12,0.17,Low
2019-04-02,Tue,19:14,2.08,High
2019-04-03,Wed,1:30,0.08,Low
2019-04-03,Wed,7:35,2.13,High
2019-04-03,Wed,13:49,0.05,Low
2019-04-03,Wed,19:55,2.19,High
2019-04-04,Thu,2:07,0.04,Low
2019-04-04,Thu,8:12,2.19,High
2019-04-04,Thu,14:23,-0.04,Low
2019-04-04,Thu,20:34,2.27,High
2019-04-05,Fri,2:43,0.01,Low
2019-04-05,Fri,8:48,2.22,High
2019-04-05,Fri,14:57,-0.12,Low
2019-04-05,Fri,21:12,2.33,High
2019-04-06,Sat,3:18,0.02,Low
2019-04-06,Sat,9:24,2.22,High
2019-04-06,Sat,15:31,-0.17,Low
2019-04-06,Sat,21:51,2.35,High
2019-04-07,Sun,3:54,0.05,Low
2019-04-07,Sun,10:01,2.19,High
2019-04-07,Sun,16:06,-0.19,Low
2019-04-07,Sun,22:31,2.33,High
2019-04-08,Mon,4:31,0.1,Low
2019-04-08,Mon,10:38,2.15,High
2019-04-08,Mon,16:45,-0.18,Low
2019-04-08,Mon,23:13,2.29,High
2019-04-09,Tue,5:12,0.18,Low
2019-04-09,Tue,11:18,2.09,High
2019-04-09,Tue,17:28,-0.15,Low
2019-04-09,Tue,23:59,2.23,High
2019-04-10,Wed,5:59,0.26,Low
2019-04-10,Wed,12:03,2.04,High
2019-04-10,Wed,18:19,-0.09,Low
2019-04-11,Thu,0:51,2.16,High
2019-04-11,Thu,6:54,0.34,Low
2019-04-11,Thu,12:57,1.99,High
2019-04-11,Thu,19:19,-0.02,Low
2019-04-12,Fri,1:50,2.11,High
2019-04-12,Fri,7:58,0.38,Low
2019-04-12,Fri,14:01,1.97,High
2019-04-12,Fri,20:27,0.02,Low
2019-04-13,Sat,2:56,2.1,High
2019-04-13,Sat,9:09,0.34,Low
2019-04-13,Sat,15:13,2.01,High
2019-04-13,Sat,21:38,0,Low
2019-04-14,Sun,4:03,2.15,High
2019-04-14,Sun,10:17,0.21,Low
2019-04-14,Sun,16:25,2.13,High
2019-04-14,Sun,22:45,-0.07,Low
2019-04-15,Mon,5:06,2.26,High
2019-04-15,Mon,11:19,0.02,Low
2019-04-15,Mon,17:31,2.3,High
2019-04-15,Mon,23:46,-0.16,Low
2019-04-16,Tue,6:03,2.38,High
2019-04-16,Tue,12:15,-0.2,Low
2019-04-16,Tue,18:31,2.48,High
2019-04-17,Wed,0:42,-0.25,Low
2019-04-17,Wed,6:56,2.5,High
2019-04-17,Wed,13:07,-0.39,Low
2019-04-17,Wed,19:25,2.64,High
2019-04-18,Thu,1:35,-0.3,Low
2019-04-18,Thu,7:45,2.58,High
2019-04-18,Thu,13:56,-0.53,Low
2019-04-18,Thu,20:16,2.73,High
2019-04-19,Fri,2:24,-0.31,Low
2019-04-19,Fri,8:32,2.6,High
2019-04-19,Fri,14:44,-0.59,Low
2019-04-19,Fri,21:04,2.76,High
2019-04-20,Sat,3:12,-0.27,Low
2019-04-20,Sat,9:17,2.57,High
2019-04-20,Sat,15:30,-0.56,Low
2019-04-20,Sat,21:50,2.71,High
2019-04-21,Sun,3:59,-0.17,Low
2019-04-21,Sun,10:01,2.48,High
2019-04-21,Sun,16:17,-0.46,Low
2019-04-21,Sun,22:36,2.6,High
2019-04-22,Mon,4:46,-0.03,Low
2019-04-22,Mon,10:45,2.36,High
2019-04-22,Mon,17:03,-0.31,Low
2019-04-22,Mon,23:21,2.44,High
2019-04-23,Tue,5:34,0.14,Low
2019-04-23,Tue,11:30,2.21,High
2019-04-23,Tue,17:52,-0.12,Low
2019-04-24,Wed,0:08,2.27,High
2019-04-24,Wed,6:24,0.3,Low
2019-04-24,Wed,12:16,2.06,High
2019-04-24,Wed,18:43,0.08,Low
2019-04-25,Thu,0:56,2.1,High
2019-04-25,Thu,7:18,0.45,Low
2019-04-25,Thu,13:06,1.92,High
2019-04-25,Thu,19:39,0.24,Low
2019-04-26,Fri,1:48,1.97,High
2019-04-26,Fri,8:16,0.54,Low
2019-04-26,Fri,14:01,1.82,High
2019-04-26,Fri,20:39,0.36,Low
2019-04-27,Sat,2:44,1.89,High
2019-04-27,Sat,9:17,0.57,Low
2019-04-27,Sat,15:02,1.78,High
2019-04-27,Sat,21:39,0.42,Low
2019-04-28,Sun,3:41,1.86,High
2019-04-28,Sun,10:15,0.53,Low
2019-04-28,Sun,16:04,1.8,High
2019-04-28,Sun,22:36,0.42,Low
2019-04-29,Mon,4:36,1.89,High
2019-04-29,Mon,11:06,0.43,Low
2019-04-29,Mon,17:02,1.88,High
2019-04-29,Mon,23:27,0.38,Low
2019-04-30,Tue,5:26,1.96,High
2019-04-30,Tue,11:52,0.31,Low
2019-04-30,Tue,17:54,2,High
2019-05-01,Wed,0:12,0.32,Low
2019-05-01,Wed,6:12,2.04,High
2019-05-01,Wed,12:33,0.17,Low
2019-05-01,Wed,18:40,2.13,High
2019-05-02,Thu,0:54,0.25,Low
2019-05-02,Thu,6:54,2.12,High
2019-05-02,Thu,13:11,0.04,Low
2019-05-02,Thu,19:24,2.25,High
2019-05-03,Fri,1:34,0.18,Low
2019-05-03,Fri,7:35,2.18,High
2019-05-03,Fri,13:48,-0.08,Low
2019-05-03,Fri,20:06,2.36,High
2019-05-04,Sat,2:12,0.13,Low
2019-05-04,Sat,8:15,2.22,High
2019-05-04,Sat,14:24,-0.17,Low
2019-05-04,Sat,20:47,2.43,High
2019-05-05,Sun,2:51,0.1,Low
2019-05-05,Sun,8:55,2.24,High
2019-05-05,Sun,15:02,-0.24,Low
2019-05-05,Sun,21:29,2.46,High
2019-05-06,Mon,3:30,0.1,Low
2019-05-06,Mon,9:35,2.24,High
2019-05-06,Mon,15:42,-0.28,Low
2019-05-06,Mon,22:12,2.46,High
2019-05-07,Tue,4:12,0.13,Low
2019-05-07,Tue,10:18,2.21,High
2019-05-07,Tue,16:25,-0.27,Low
2019-05-07,Tue,22:58,2.43,High
2019-05-08,Wed,4:57,0.17,Low
2019-05-08,Wed,11:03,2.18,High
2019-05-08,Wed,17:13,-0.22,Low
2019-05-08,Wed,23:46,2.37,High
2019-05-09,Thu,5:48,0.22,Low
2019-05-09,Thu,11:54,2.14,High
2019-05-09,Thu,18:07,-0.14,Low
2019-05-10,Fri,0:39,2.3,High
2019-05-10,Fri,6:45,0.26,Low
2019-05-10,Fri,12:51,2.1,High
2019-05-10,Fri,19:08,-0.05,Low
2019-05-11,Sat,1:36,2.24,High
2019-05-11,Sat,7:49,0.26,Low
2019-05-11,Sat,13:55,2.08,High
2019-05-11,Sat,20:15,0.02,Low
2019-05-12,Sun,2:37,2.21,High
2019-05-12,Sun,8:56,0.19,Low
2019-05-12,Sun,15:03,2.12,High
2019-05-12,Sun,21:23,0.04,Low
2019-05-13,Mon,3:40,2.23,High
2019-05-13,Mon,10:00,0.06,Low
2019-05-13,Mon,16:12,2.21,High
2019-05-13,Mon,22:29,0.03,Low
2019-05-14,Tue,4:41,2.27,High
2019-05-14,Tue,11:00,-0.1,Low
2019-05-14,Tue,17:16,2.34,High
2019-05-14,Tue,23:28,-0.02,Low
2019-05-15,Wed,5:38,2.34,High
2019-05-15,Wed,11:55,-0.27,Low
2019-05-15,Wed,18:15,2.47,High
2019-05-16,Thu,0:24,-0.07,Low
2019-05-16,Thu,6:31,2.4,High
2019-05-16,Thu,12:46,-0.41,Low
2019-05-16,Thu,19:08,2.58,High
2019-05-17,Fri,1:15,-0.1,Low
2019-05-17,Fri,7:20,2.44,High
2019-05-17,Fri,13:34,-0.49,Low
2019-05-17,Fri,19:58,2.64,High
2019-05-18,Sat,2:04,-0.11,Low
2019-05-18,Sat,8:08,2.44,High
2019-05-18,Sat,14:21,-0.51,Low
2019-05-18,Sat,20:45,2.64,High
2019-05-19,Sun,2:51,-0.07,Low
2019-05-19,Sun,8:53,2.4,High
2019-05-19,Sun,15:07,-0.47,Low
2019-05-19,Sun,21:30,2.58,High
2019-05-20,Mon,3:37,-0.01,Low
2019-05-20,Mon,9:37,2.33,High
2019-05-20,Mon,15:52,-0.37,Low
2019-05-20,Mon,22:13,2.48,High
2019-05-21,Tue,4:22,0.09,Low
2019-05-21,Tue,10:20,2.23,High
2019-05-21,Tue,16:37,-0.23,Low
2019-05-21,Tue,22:56,2.36,High
2019-05-22,Wed,5:07,0.2,Low
2019-05-22,Wed,11:03,2.12,High
2019-05-22,Wed,17:22,-0.07,Low
2019-05-22,Wed,23:39,2.22,High
2019-05-23,Thu,5:55,0.31,Low
2019-05-23,Thu,11:47,2,High
2019-05-23,Thu,18:10,0.09,Low
2019-05-24,Fri,0:23,2.1,High
2019-05-24,Fri,6:45,0.41,Low
2019-05-24,Fri,12:34,1.9,High
2019-05-24,Fri,19:00,0.24,Low
2019-05-25,Sat,1:09,1.99,High
2019-05-25,Sat,7:38,0.47,Low
2019-05-25,Sat,13:24,1.82,High
2019-05-25,Sat,19:55,0.36,Low
2019-05-26,Sun,1:57,1.91,High
2019-05-26,Sun,8:34,0.48,Low
2019-05-26,Sun,14:19,1.78,High
2019-05-26,Sun,20:51,0.43,Low
2019-05-27,Mon,2:48,1.87,High
2019-05-27,Mon,9:28,0.43,Low
2019-05-27,Mon,15:18,1.79,High
2019-05-27,Mon,21:47,0.46,Low
2019-05-28,Tue,3:41,1.87,High
2019-05-28,Tue,10:19,0.35,Low
2019-05-28,Tue,16:16,1.85,High
2019-05-28,Tue,22:40,0.44,Low
2019-05-29,Wed,4:33,1.9,High
2019-05-29,Wed,11:05,0.23,Low
2019-05-29,Wed,17:11,1.95,High
2019-05-29,Wed,23:29,0.38,Low
2019-05-30,Thu,5:23,1.95,High
2019-05-30,Thu,11:49,0.09,Low
2019-05-30,Thu,18:02,2.08,High
2019-05-31,Fri,0:14,0.31,Low
2019-05-31,Fri,6:10,2.01,High
2019-05-31,Fri,12:30,-0.05,Low
2019-05-31,Fri,18:50,2.21,High
2019-06-01,Sat,0:58,0.23,Low
2019-06-01,Sat,6:57,2.08,High
2019-06-01,Sat,13:12,-0.19,Low
2019-06-01,Sat,19:36,2.33,High